-- phpMyAdmin SQL Dump
-- version 4.0.10.19
-- https://www.phpmyadmin.net
--
-- 主机: localhost
-- 生成日期: 2018-11-26 13:08:58
-- 服务器版本: 5.5.54-log
-- PHP 版本: 5.4.45

SET SQL_MODE = "NO_AUTO_VALUE_ON_ZERO";
SET time_zone = "+00:00";


/*!40101 SET @OLD_CHARACTER_SET_CLIENT=@@CHARACTER_SET_CLIENT */;
/*!40101 SET @OLD_CHARACTER_SET_RESULTS=@@CHARACTER_SET_RESULTS */;
/*!40101 SET @OLD_COLLATION_CONNECTION=@@COLLATION_CONNECTION */;
/*!40101 SET NAMES utf8 */;

--
-- 数据库: `west518cn`
--

-- --------------------------------------------------------

--
-- 表的结构 `think_about`
--

CREATE TABLE IF NOT EXISTS `think_about` (
  `id` int(11) unsigned NOT NULL AUTO_INCREMENT,
  `content` text NOT NULL,
  `author` char(20) NOT NULL,
  `title` varchar(255) NOT NULL,
  `category` int(11) NOT NULL,
  `time` int(20) NOT NULL,
  `is_delete` int(11) NOT NULL DEFAULT '0',
  `imgPath` varchar(255) NOT NULL,
  `trumb` varchar(255) NOT NULL,
  `titleone` varchar(255) NOT NULL,
  PRIMARY KEY (`id`)
) ENGINE=MyISAM  DEFAULT CHARSET=utf8 AUTO_INCREMENT=10 ;

--
-- 转存表中的数据 `think_about`
--

INSERT INTO `think_about` (`id`, `content`, `author`, `title`, `category`, `time`, `is_delete`, `imgPath`, `trumb`, `titleone`) VALUES
(1, '', 'admin', '', 14, 1514526236, 0, '/Uploads/2018-03-09/5aa204152b646.jpg', '', ''),
(9, '<p>西安腾诺信息技术有限公司成立于2013年，成功的为政府机构、知名企业、网上购物商城等政府企事业提供了电子商务解决方案。公司现已积累固定客户近千家，树立了自己独特的品牌形象，百度、GOOGLE等有良好的合作关系。</p><p>5年时间，西安腾诺信息技术致力于网站建设的全方位发展，立足于以WEB为核心，以WEB应用开发及服务为发展战略的经营理念，在网站建设、网络办公系统、网上商城、电子商务等方面都积累了自己独特的经验并取得了很好的成绩。西安腾诺信息技术拥有一支集创意策划和技术支持的专业队伍。我们以真诚的态度、求实的服务赢得了政府部门、教育、房产、旅游、集团企业等行业的一大批具有雄厚实力的客户群体。&nbsp;</p><p>让客户满意是我们工作的目标，不断超越客户的期望值来自于我们对这个行业的热爱。把公司的定位明确在网络应用服务提供商的位置上，我们立志把最好的技术通过 最有效、最简单的方式提供给客户，为您的企业电子商务化提供最简单的解决方案。将通过不懈努力成为客户在信息化领域值得信任、有价值的长期合作伙伴。</p><p><br/></p>', 'admin', '应您所求，供您所需，专注技术，创新设计 为企业提供高端个性定制化建站服务', 15, 1520586998, 0, '/Uploads/2018-03-09/5aa251b97270e.jpg', '', ''),
(2, '', 'admin', '', 14, 1520415754, 0, '/Uploads/2018-03-09/5aa203f1ac9d7.png', '', ''),
(3, '', 'admin', '文化', 14, 1520415775, 0, '/Uploads/2018-03-09/5aa20428e2f97.png', '', ''),
(4, '', 'admin', '', 14, 1520415784, 0, '/Uploads/2018-03-09/5aa2033d7997e.png', '', ''),
(5, '', 'admin', '', 14, 1520415794, 0, '/Uploads/2018-03-09/5aa2032983215.jpeg', '', ''),
(6, '', 'admin', '', 14, 1520415803, 0, '/Uploads/2018-03-09/5aa20311e55bd.jpg', '', ''),
(7, '', 'admin', '', 14, 1520415821, 0, '/Uploads/2018-03-09/5aa203040c28c.gif', '', ''),
(8, '', 'admin', '', 14, 1520415847, 0, '/Uploads/2018-03-09/5aa202f57a8c1.jpeg', '', '');

-- --------------------------------------------------------

--
-- 表的结构 `think_admin`
--

CREATE TABLE IF NOT EXISTS `think_admin` (
  `logintime` datetime NOT NULL,
  `id` int(10) unsigned NOT NULL AUTO_INCREMENT,
  `username` varchar(20) NOT NULL,
  `password` varchar(32) NOT NULL,
  `email` varchar(30) NOT NULL,
  `level` tinyint(3) unsigned NOT NULL,
  `is_delete` int(11) NOT NULL,
  PRIMARY KEY (`id`)
) ENGINE=MyISAM  DEFAULT CHARSET=utf8 AUTO_INCREMENT=67 ;

--
-- 转存表中的数据 `think_admin`
--

INSERT INTO `think_admin` (`logintime`, `id`, `username`, `password`, `email`, `level`, `is_delete`) VALUES
('2018-11-24 14:03:49', 1, 'admin', '0192023a7bbd73250516f069df18b500', 'admin@admin.com', 1, 0),
('2017-06-06 17:07:24', 4, '123456', '250cf8b51c773f3f8dc8b4be867a9a02', 'admin002@admin.com', 2, 1),
('2017-06-06 12:59:04', 64, 'qwe123', '250cf8b51c773f3f8dc8b4be867a9a02', 'qwe2@qq.com', 3, 1),
('2017-06-06 18:45:04', 65, 'qwe123456', 'e10adc3949ba59abbe56e057f20f883e', 'wdq@qq.com', 4, 1),
('2017-06-06 19:44:07', 66, '123123', 'e10adc3949ba59abbe56e057f20f883e', '12333@qq.com', 5, 1);

-- --------------------------------------------------------

--
-- 表的结构 `think_al`
--

CREATE TABLE IF NOT EXISTS `think_al` (
  `id` int(10) unsigned NOT NULL AUTO_INCREMENT,
  `title` varchar(20) DEFAULT NULL,
  `imgPath` varchar(255) DEFAULT NULL,
  `category` int(10) DEFAULT NULL,
  `content` text,
  `time` int(12) DEFAULT NULL,
  `author` varchar(10) DEFAULT NULL,
  `is_delete` tinyint(1) DEFAULT '0',
  `liulan` int(10) DEFAULT '0',
  `tuijian` tinyint(1) DEFAULT '0',
  PRIMARY KEY (`id`)
) ENGINE=MyISAM  DEFAULT CHARSET=utf8 AUTO_INCREMENT=10 ;

--
-- 转存表中的数据 `think_al`
--

INSERT INTO `think_al` (`id`, `title`, `imgPath`, `category`, `content`, `time`, `author`, `is_delete`, `liulan`, `tuijian`) VALUES
(1, '陕西中木生态建设有限公司', '/Uploads/2018-03-07/5a9fbca71cd94.jpg', 5, '<p>陕西中木生态建设有限公司 乃于二〇一三年九月公司创办于陕西西安。是一家以土木建筑、园林绿化、城市照明、</p><p><br/></p><p>生态环保为主要业务板块的企业，本公司分别在陕西、海南、深圳等地承担过房屋建筑、市政道路、城市照明、园</p><p><br/></p><p>林绿化等多项施工项目，取得了多项荣誉称号，积累了丰富的施工经验，掌握了各种新型施工技术。本着及贯彻在</p><p><br/></p><p>施工服务上“善建自然，守信重质”的宗旨，服务于客</p><p><br/></p>', 1520049336, 'admin', 0, 75, 1),
(2, '陕西德善坊生物科技有限公司', '/Uploads/2018-03-07/5a9f98ee6c3df.png', 8, '<p>陕西德善坊生物科技有限公司成立于2017年初春，是一家专业经营澳洲、南非原瓶原装进口红酒的运营商。 公司在“共享成功”的核心理念下，汇聚了一批拥有专业知识和意愿投身于时尚健康产业的有志之士，勤奋敬业，誓将“德善坊”品牌打造成红酒行业的一面旗帜。 公司始终坚持“良心企业、道德产品”的经营理念，本着“一切为了客户，为社会提供健康产品，热情、周到、专业服务”的指导思想，满足消费者对高品质红酒的时尚追求，为时尚健康的轻奢生活能赢添砖谏言。 公司不断开拓进取、广发通路，已与众多大经销商、代理商、星级酒店、品牌KTV、知名西餐厅等平台建立了合作关系。 展望未来，在互信互利、协作共赢战略目标的指导下，“德善坊”红酒将继续坚持专业化的运作思路及品牌化的运营方向，重视产品质量，进一步提升服务水平，完善运营系统，以更好地满足广大客户和消费者的需求。</p>', 1520408814, 'admin', 0, 141, 1),
(3, '同辉建筑装饰工程有限责任公司', '/Uploads/2018-03-07/5a9fb64c6b49d.jpg', 8, '<p>西安同辉建筑装饰工程有限责任公司成立于2015年，是一家集装饰设计、工程施工、材料配送、木制品、装饰品开发为一体的集成公司。主要从事中大豪宅设计施工、住宅、公寓、办公、学校、室内外工程装潢、高档别墅、商业中心、度假山庄、豪华娱乐场所、大型酒店等场所的策划设计和施工。公司经陕西省工商管理局正式批准注册。公司实行从咨询开始，为您提供创意草案，测量，设计；精心的选材，施工，装饰配置；定期回访，终生维修的全程服务。专业服务，全程同步。我们将精心为您营造一个温馨，舒适，环保的工作生活环境。公司专业的管理团队设计精英和专业施工队伍，材料都是由公司统一配送。 我们本着“卓越的设计理念，优越完美的施工，至诚合作服务”作为公司发展的根本理念。以诚信为根本，以质量为生存，以绿色和谐为宗旨之经营理念，用“团结、务实、精诚、奉献”的企业精神赢得了社会各界的广泛赞誉&nbsp; 。</p>', 1520416332, 'admin', 0, 166, 0),
(4, '西安是儿童学科', '/Uploads/2018-03-09/5aa20ea3d060b.png', 4, '<p><img src="/ueditor/php/upload/image/20180309/1520569994929916.png" title="1520569994929916.png" alt="59cad8f38cd84.png"/></p>', 1520417210, 'admin', 0, 167, 1),
(5, '陕西诚隆电气有限公司', '/Uploads/2018-03-07/5a9fba5ddd7da.jpg', 4, '<p>陕西诚隆电气有限公司是一家专业生产高低压配电柜、成套安装和电缆桥架等规范化企业。具备从专业设计，加工制造到安装配套等一系列生产服务能力。公司位于西安市未央区石化大道西查产业园区内，交通便利，公司在西查工业园占地面积4000多平方米公司一贯奉行以质量求生存，以高效和创新作为公司的立身之本，公司拥有先进的生产设备、健全的检测手段。高效的生产、精湛的技术和完善的售后服务在同行中脱颖而出，赢得广大客户的一致好评。公司秉承“质量至上、信誉第一、科技创新、以人以本”的信念不断满足客户需求，以优质产品、高性价比取信于用户，愿与业内外客户精诚合作，力争电气行业先锋。</p>', 1520417373, 'admin', 0, 178, 0),
(6, '重点城镇建设指导委员会西北管理中心', '/Uploads/2018-03-07/5a9fbae8cb9c0.jpg', 8, '<p>重点城镇建设指导工作委员会，是为了贯彻、落实中共中央关于抓好三农工作的战略决策，推进我国农村教育及中国农业产业化进程，缩短城乡差距，积极、有力、有效的推动社会主义新农村建设，经农村教育发展中心批准成立的专门从事中国重点城镇骨干教育、文化建设、经济建设的工作机构。&nbsp;</p><p>重点城镇建设指导工作委员会西北管理中心是重点城镇建设指导工作委员会的派驻机构，主要分管陕西省、甘肃省、青海省、宁夏回族自治区、新疆维吾尔族自治区等五省区派驻委员会的工作。 本着全面推进“1887”工程，辅助政府用现代物质条件装备农业，用现代科学技术改造农业，用现代产业体系提升农业，用现代经营形式推进农业，用现代发展理念引领农业，用培育新型农民发展农业，提高农业水利化、机械化和信息化水平，提高土地产出率、资源利用率和农业劳动生产率，提高农业素质、效益和竞争力。按照重点城镇建设总体要求，从中国重点城市建设理论研究、模式探索、经验推广，到提供重点项目投资、融资咨询及指导，走出一条具有中国特色的“农业现代化、农村城镇化、农民市民化” 的发展路子，推动中国特色重点城镇建设，从而达到经济更加发展、民主更加健全、科技更加进步、文化更加繁荣、社会更加和谐、人民更加殷实。</p><p><br/></p>', 1520417512, 'admin', 0, 262, 0),
(7, '陕西春福农业科技有限公司', '/Uploads/2018-03-07/5a9fbb6d99109.jpg', 4, '<p>陕西春福农业科技有限公司是在陕西西安注册的一家全国范围内从事农业（包括种业）品牌会议，项目、企业品牌策划运营推广，种业人才培训，品牌农产品生产销售、推广服务等业务为一体的专业性公司，其业务骨干具有较高的综合素质并在全国业界具有丰富的实战经验、广泛的人脉资源、良好的社会影响力和公认的行业美誉度，公司注册资本1000万元。</p><p>公司2016年成功实现转型升级，现有高层管理人员12人，兼职12人，分布于全国各地，均为行业精英和骨干。目前与国内多家知名农业、种业公司建立了战略合作关系。公司目前自主研发推出的产品有：“福登仓”牌富硒中国汉中真香活米、中国宁夏水晶活米、中国汉中黑富帅黑糯米、红宝石红香米、富硒营养粥米、富硒生态御膳面、富硒小杂粮等几大品牌。</p><p>公司经营范围：农业新技术开发、技术服务、技术咨询、花卉苗木的种植销售、日用百货、农副产品、农具、化肥的销售，园林绿化工程技术服务等。公司发展理念：以心相交、互诚久远，事业成功的新起点，人才品牌的金摇篮。</p><p>2016、2017年与国家（杨凌）旱区植物品种权交易中心合作，在杨凌农科城成功举办了两届全国玉米会，2017年与汉中市政府合作，成功举办首届中国（汉中）优质稻米博览会，受到各方好评！</p><p><br/></p>', 1520417645, 'admin', 0, 175, 0),
(8, '西安百姓家政公司', '/Uploads/2018-03-09/5aa20d7ed7c4d.jpg', 4, '<p><img src="/ueditor/php/upload/image/20180309/1520569819105380.jpg" title="1520569819105380.jpg" alt="59f64bab9de90.jpg"/><br/></p><p><br/></p><p>&nbsp;西安百姓家政公司是一家专业的家政公司。该公司的服务管理团队是经过严格专业培训及教育家庭服务从业人员。本公司是西安家政行业“6心”级别单位。主要向客户提供母婴护理,以及婴幼儿早期智力开发的专业月嫂和育儿嫂的一体化服务。是专业从事国际高层的家政服务机构，公司拥有完善高质量的管理制和高素质的管理团队， 我们现已拥有月嫂、育儿嫂、育婴师及婴儿营养师庞大服务团队，她们具有深厚的专业护理知识和实际操作经验及良好的专业素质,运用先进的科学护理和育儿理念,经过专业培训</p>', 1520417773, 'admin', 0, 162, 0),
(9, '西安发现之星教育科技', '/Uploads/2018-03-09/5aa20b5f63a8b.jpg', 4, '<p><br/></p><p><img src="/ueditor/php/upload/image/20180309/1520569145448821.jpg" title="1520569145448821.jpg" alt="1.jpg"/></p><p><br/></p><p style="white-space: normal;">项目名称：西安发现之星教育科技有限公司&nbsp;</p><p style="white-space: normal;">网址：www.discoverystaredu.com&nbsp;</p><p style="white-space: normal;">建站周期：15天&nbsp;</p><p style="white-space: normal;">A索J.C加州国际亲子俱乐部是西安发现之星教育科技有限公司旗下亲子早教品牌之一，作为A索J.C加州国际俱乐部早教课程，全都是长期从事亲子早教领域一线老师，陪伴宝贝快乐成长。A索J.C加州国际亲子俱乐部却已经历了40年的历史变迁，也蕴含了许许多多不为人知的故事。</p><p><br/></p>', 1520569183, 'admin', 0, 167, 1);

-- --------------------------------------------------------

--
-- 表的结构 `think_banner`
--

CREATE TABLE IF NOT EXISTS `think_banner` (
  `id` int(10) unsigned NOT NULL AUTO_INCREMENT,
  `imgpath` varchar(255) NOT NULL,
  `time` int(11) NOT NULL,
  `title` varchar(20) DEFAULT NULL,
  `is_delete` tinyint(1) DEFAULT '0',
  PRIMARY KEY (`id`)
) ENGINE=MyISAM  DEFAULT CHARSET=utf8 AUTO_INCREMENT=4 ;

--
-- 转存表中的数据 `think_banner`
--

INSERT INTO `think_banner` (`id`, `imgpath`, `time`, `title`, `is_delete`) VALUES
(1, '/Uploads/2018-03-07/5a9f89aead919.jpg', 1514962726, '1111', 0),
(2, '/Uploads/2018-03-09/5aa24dbaa9fe1.jpg', 1514962740, '22', 0),
(3, '/Uploads/2018-03-09/5aa24ce633bca.jpg', 1514962755, '3333', 0);

-- --------------------------------------------------------

--
-- 表的结构 `think_cat`
--

CREATE TABLE IF NOT EXISTS `think_cat` (
  `id` int(10) unsigned NOT NULL AUTO_INCREMENT,
  `name` varchar(30) NOT NULL,
  `url` varchar(255) NOT NULL,
  `is_delete` int(11) NOT NULL,
  `admin` int(11) NOT NULL,
  PRIMARY KEY (`id`)
) ENGINE=MyISAM  DEFAULT CHARSET=utf8 AUTO_INCREMENT=60 ;

--
-- 转存表中的数据 `think_cat`
--

INSERT INTO `think_cat` (`id`, `name`, `url`, `is_delete`, `admin`) VALUES
(1, '楼兰首页', 'Index', 0, 1),
(2, '新闻管理', 'News', 0, 0),
(3, '产品介绍', 'Product', 1, 0),
(4, '关于我们', 'About', 0, 0),
(5, '暖季优势', 'Carloan', 1, 0),
(6, '联系我们', 'Contact', 0, 0),
(7, '管理员模块', 'Admin', 0, 0),
(8, '权限管理', 'Level', 0, 0),
(9, '留言管理', 'Message', 0, 0),
(10, '客户见证', 'Customer', 1, 0),
(11, '防腐木', 'Producta', 0, 1),
(12, '碳化木', 'Productb', 0, 1),
(13, '芳兰木', 'Productc', 0, 1),
(14, '产品中心', 'Product', 0, 1),
(15, '轮播图管理', 'Banner', 0, 0),
(16, '案例管理', 'Al', 0, 0),
(50, '成功案例', 'Engineering', 0, 1),
(51, '友情链接', 'Link', 0, 1),
(52, '新闻资讯', 'News', 0, 1),
(53, '服务管理', 'Fw', 0, 0),
(54, '关于楼兰', 'About', 0, 1),
(55, '友情链接', 'Link', 0, 0),
(56, '友情链接', 'Cooperation', 1, 0),
(57, '作品欣赏', 'Works', 0, 1),
(58, '分类管理', 'cata', 1, 0),
(59, '联系楼林', 'Contact', 0, 1);

-- --------------------------------------------------------

--
-- 表的结构 `think_category`
--

CREATE TABLE IF NOT EXISTS `think_category` (
  `id` int(10) unsigned NOT NULL AUTO_INCREMENT,
  `name` varchar(30) NOT NULL,
  `pid` int(10) unsigned NOT NULL,
  `is_delete` int(11) unsigned NOT NULL DEFAULT '0',
  PRIMARY KEY (`id`)
) ENGINE=MyISAM  DEFAULT CHARSET=utf8 AUTO_INCREMENT=17 ;

--
-- 转存表中的数据 `think_category`
--

INSERT INTO `think_category` (`id`, `name`, `pid`, `is_delete`) VALUES
(1, '知识观点', 1, 0),
(2, '行业资讯', 1, 0),
(3, '公司动态', 1, 0),
(4, '企业宣传', 2, 0),
(5, '电子商务', 2, 0),
(6, '手机站点', 2, 0),
(7, '集团站点', 2, 0),
(8, '行业门户', 2, 0),
(9, '展示型网站', 3, 0),
(10, '集团型网站', 3, 0),
(11, '电商网站', 3, 0),
(12, '手机/微网站', 3, 0),
(13, '基础服务', 3, 0),
(14, '企业文化', 4, 0),
(15, '公司简介', 4, 0),
(16, '知识观点', 3, 1);

-- --------------------------------------------------------

--
-- 表的结构 `think_contact`
--

CREATE TABLE IF NOT EXISTS `think_contact` (
  `title` varchar(255) NOT NULL,
  `id` int(11) unsigned NOT NULL AUTO_INCREMENT,
  `email` varchar(80) NOT NULL,
  `hotline` varchar(255) NOT NULL,
  `address` varchar(80) NOT NULL,
  `imgPath` varchar(255) NOT NULL,
  `mode` int(11) NOT NULL,
  `trumb` varchar(255) NOT NULL,
  `tel` varchar(255) NOT NULL,
  `content` text,
  PRIMARY KEY (`id`)
) ENGINE=MyISAM  DEFAULT CHARSET=utf8 AUTO_INCREMENT=2 ;

--
-- 转存表中的数据 `think_contact`
--

INSERT INTO `think_contact` (`title`, `id`, `email`, `hotline`, `address`, `imgPath`, `mode`, `trumb`, `tel`, `content`) VALUES
('西安腾诺信息技术有限公司', 1, '2294425833@qq.com', '田经理', '陕西省西安市未央区赛高国际A座28层 ', '/Uploads/2018-03-09/5aa2063ce1c84.jpg', 0, 'uploads/20170523/149553563041527149553563061.png', '18066528545', '<p><span style="color: rgb(102, 102, 102); font-family: 微软雅黑; font-size: 14px;">西安腾诺信息技术有限公司</span><br/><span style="color: rgb(102, 102, 102); font-family: 微软雅黑; font-size: 14px;">联系人: 田经理</span><br/><span style="color: rgb(102, 102, 102); font-family: 微软雅黑; font-size: 14px;">公司地址：&nbsp;</span><br/><span style="color: rgb(102, 102, 102); font-family: 微软雅黑; font-size: 14px;">陕西省西安市未央区赛高国际A座28层&nbsp;&nbsp;</span><br/><span style="color: rgb(102, 102, 102); font-family: 微软雅黑; font-size: 14px;">联系电话：&nbsp;</span><span style="color: rgb(102, 102, 102); font-family: 微软雅黑; font-size: 14px;">18066528545&nbsp;</span><br/><span style="color: rgb(102, 102, 102); font-family: 微软雅黑; font-size: 14px;">公司网址：<a href="http://www.west518.cn">www.west518.cn</a>&nbsp; &nbsp; &nbsp;QQ: 2297725833</span></p>');

-- --------------------------------------------------------

--
-- 表的结构 `think_cooperation`
--

CREATE TABLE IF NOT EXISTS `think_cooperation` (
  `id` int(10) unsigned NOT NULL AUTO_INCREMENT,
  `is_delete` tinyint(1) NOT NULL DEFAULT '0',
  `imgPath` varchar(255) DEFAULT NULL,
  `time` int(15) DEFAULT NULL,
  `author` char(20) DEFAULT NULL,
  `title` varchar(255) DEFAULT NULL,
  `category` int(10) DEFAULT NULL,
  `content` text,
  `liulan` int(10) DEFAULT '0',
  `tuijian` tinyint(1) DEFAULT '0',
  PRIMARY KEY (`id`)
) ENGINE=MyISAM  DEFAULT CHARSET=utf8 AUTO_INCREMENT=6 ;

--
-- 转存表中的数据 `think_cooperation`
--

INSERT INTO `think_cooperation` (`id`, `is_delete`, `imgPath`, `time`, `author`, `title`, `category`, `content`, `liulan`, `tuijian`) VALUES
(1, 0, '/Uploads/2018-01-03/5a4c711cdff2a.png', 2018, 'admin', '321313', 19, NULL, 0, 0),
(2, 0, '/Uploads/2018-01-03/5a4c714d670b0.png', 2018, 'admin', '3213213', 20, '<p>321333333333333333333333333333333333333333333333333333333333333333333333333333</p>', 3, 0),
(3, 0, '/Uploads/2018-01-03/5a4c719c53262.png', 1514959260, 'admin', '3213213213', 20, NULL, 11, 0),
(4, 0, '/Uploads/2018-01-03/5a4ca773f09f5.jpg', 1514973043, 'admin', '1111111', 19, '<p>11111111111111111111</p>', 0, 0),
(5, 0, '/Uploads/2018-01-03/5a4ca78830471.jpg', 1514973064, 'admin', '132222222', 19, '<p>3211111111111</p>', 2, 1);

-- --------------------------------------------------------

--
-- 表的结构 `think_fw`
--

CREATE TABLE IF NOT EXISTS `think_fw` (
  `id` int(10) unsigned NOT NULL AUTO_INCREMENT,
  `title` varchar(20) DEFAULT NULL,
  `imgPath` varchar(255) DEFAULT NULL,
  `category` int(5) DEFAULT NULL,
  `content` text,
  `time` int(12) DEFAULT NULL,
  `author` varchar(20) DEFAULT NULL,
  `is_delete` tinyint(1) DEFAULT '0',
  `liulan` int(10) DEFAULT '0',
  `tuijian` tinyint(1) DEFAULT '0',
  PRIMARY KEY (`id`)
) ENGINE=MyISAM  DEFAULT CHARSET=utf8 AUTO_INCREMENT=6 ;

--
-- 转存表中的数据 `think_fw`
--

INSERT INTO `think_fw` (`id`, `title`, `imgPath`, `category`, `content`, `time`, `author`, `is_delete`, `liulan`, `tuijian`) VALUES
(1, '展示型网站', '/Uploads/2018-03-07/5a9fa245b97d5.png', 9, '<p>所谓展示型网站, 主要是通过网站来展示企业形象和公司产品或服务，并且通过站内新闻报道，解决方案等栏目让访客更加了解企业品牌及产品战略规划。再通过视觉感官的冲击，令目标受众对企业产生深刻而美好的印象。橙谷网络展示型网站建设利用多媒体交互技术、动态网页技术，配合KV设计，将企业品牌形象在互联网上多维度、全方位、立体式地表现出来。从而树立企业网络品牌形象。</p><p><br/></p>', 1520049824, 'admin', 0, 82, 1),
(2, '集团型网站', '/Uploads/2018-03-07/5a9fa281243d5.jpg', 10, '<p>所谓集团型网站, 主要是就是一些产品线广、旗下品牌多的企业涉足电子商务领域所建设的能够展现集团整体精神风貌以及产品内容的企业门户网站。通过集团型网站的设计传递企业的价值观与核心理念，社会责任和未来发展。对于集团的主营业务及重点项目进行推介，增强投资者信心，赢得社会美誉度。为集团及下属机构建立人力资源平台，及时发布招聘信息，建立人才储备，为集团获得长远竞争力。宣传集团及下属机构的出色业绩、公益投入、社会回馈等，塑造集团的可信赖的公众形象。</p>', 1520411265, 'admin', 0, 52, 1),
(3, '电商网站', '/Uploads/2018-03-07/5a9fa2b6dfe00.jpg', 11, '<p>所谓电商网站, 是在全球各地广泛的商业贸易活动中，在因特网开放的网络环境下，基于浏览器/服务器应用方式，买卖双方基于互联网进行各种商贸活动，实现消费者的网上购物、商户之间的网上交易和在线电子支付以及各种商务活动、交易活动、金融活动和相关的综合服务活动的一种新型的商业运营模式。电子商务是利用微电脑技术和网络通讯技术进行的商务活动。电子商务分为：ABC、B2B、B2C、C2C、B2M、M2C、B2A（即B2G）、C2A（即C2G）、O2O 等。</p>', 1520411318, 'admin', 0, 65, 1),
(4, '手机/微网站', '/Uploads/2018-03-07/5a9fa2eae9696.png', 12, '<p>手机网站是指用WML（无线标记语言）编写的专门用于手机浏览的网站，通常以文字信息和简单的图片信息为主。随着向手机智能化方向发展，安装了操作系统和浏览器的手机的功能和电脑是很相似的（这种智能手机也就是“口袋个人电脑”PPC），使用这种手机可以通过GPRS上网可浏览几乎所有的www网站。由于手机的屏幕尺寸和CPU处理能力有限，专门为手机进行优化的网站更为方便用户浏览。微网站源于WebApp和网站的融合创新，兼容iOS、android、WP等各大操作系统，可以方便的与微信、微博等应用的链接，适应移动客户端浏览市场对浏览体验与交互性能要求的新一代网站。</p>', 1520411370, 'admin', 0, 60, 1),
(5, '基础服务', '/Uploads/2018-03-07/5a9fa32b940ed.jpg', 13, '<p>包含企业域名注册、网站空间租赁、云主机托管及订购、企业邮箱租赁，网站页面维护（部分文字修改）、制作漂浮窗口、制作弹窗广告、网页垃圾信息清理、新增页面、Flash Banner制作、Banner制作、更新JS轮换 Banner、信息维护、产品维护、资料翻译、文章撰写、软文修改、资料上传、信息编辑、发布产品、图片、视频、动画优化及发布等。</p>', 1520411435, 'admin', 0, 57, 1);

-- --------------------------------------------------------

--
-- 表的结构 `think_level`
--

CREATE TABLE IF NOT EXISTS `think_level` (
  `id` int(11) unsigned NOT NULL AUTO_INCREMENT,
  `name` varchar(255) NOT NULL,
  `level` varchar(255) NOT NULL,
  `is_delete` int(11) NOT NULL,
  PRIMARY KEY (`id`)
) ENGINE=MyISAM  DEFAULT CHARSET=utf8 AUTO_INCREMENT=10 ;

--
-- 转存表中的数据 `think_level`
--

INSERT INTO `think_level` (`id`, `name`, `level`, `is_delete`) VALUES
(1, '超级管理员', '["2","3","4","5","6","7","8","9","10","15","16","53","55","56","57","58"]', 0),
(2, '新闻管理员', '["1","2"]', 0),
(3, '产品管理员', '["1","2","3"]', 0),
(4, '普通管理员', '["1","2","3"]', 0),
(5, '用户管理员', '["6","7"]', 0),
(6, '用户1', '["2","3"]', 1),
(7, '1323', 'null', 1),
(8, '132311', '["2"]', 1),
(9, '关务我们', '["4"]', 0);

-- --------------------------------------------------------

--
-- 表的结构 `think_link`
--

CREATE TABLE IF NOT EXISTS `think_link` (
  `id` int(10) unsigned NOT NULL AUTO_INCREMENT,
  `name` varchar(10) DEFAULT NULL,
  `url` varchar(30) DEFAULT NULL,
  `is_delete` tinyint(1) DEFAULT '0',
  `time` int(11) DEFAULT NULL,
  `author` varchar(10) DEFAULT NULL,
  PRIMARY KEY (`id`)
) ENGINE=MyISAM  DEFAULT CHARSET=utf8 AUTO_INCREMENT=11 ;

--
-- 转存表中的数据 `think_link`
--

INSERT INTO `think_link` (`id`, `name`, `url`, `is_delete`, `time`, `author`) VALUES
(1, '嘉瑞德网络', 'http://www.west518.cn', 0, 1520068820, 'admin'),
(2, '西安网站建设', 'http://www.west518.cn', 0, 1520068820, 'admin'),
(3, '西安网站制作', 'http://www.west518.cn', 0, 1520418783, 'admin'),
(4, '西安网页制作', 'http://www.west518.cn', 0, 1520418806, 'admin'),
(5, '西安网站推广', 'http://www.west518.cn', 0, 1520419033, 'admin'),
(6, '西安网络公司', 'http://www.west518.cn', 0, 1520419050, 'admin'),
(7, '西安小程序开发', 'http://www.west518.cn', 0, 1520419074, 'admin'),
(8, '西安公众号开发', 'http://www.west518.cn', 0, 1520419105, 'admin'),
(9, '西安网站优化', 'http://www.west518.cn', 0, 1520419132, 'admin'),
(10, '西安网页设计', 'http://www.west518.cn', 0, 1520419199, 'admin');

-- --------------------------------------------------------

--
-- 表的结构 `think_message`
--

CREATE TABLE IF NOT EXISTS `think_message` (
  `id` int(11) unsigned NOT NULL AUTO_INCREMENT,
  `name` varchar(255) DEFAULT NULL,
  `ms` text,
  `tel` varchar(15) DEFAULT NULL,
  `time` int(20) DEFAULT NULL,
  `is_delete` int(11) DEFAULT '0',
  `email` varchar(20) DEFAULT NULL,
  PRIMARY KEY (`id`)
) ENGINE=MyISAM  DEFAULT CHARSET=utf8 AUTO_INCREMENT=6 ;

--
-- 转存表中的数据 `think_message`
--

INSERT INTO `think_message` (`id`, `name`, `ms`, `tel`, `time`, `is_delete`, `email`) VALUES
(1, '3123213', '3213213', '21321321', 1514526256, 1, NULL),
(2, '3123', '312', '15209296066', NULL, NULL, '3123@qq.com'),
(3, '312', '3123', '15209296066', 1520066302, 1, '123@qq.com'),
(4, '3123', '3123', '15209296066', 1520067234, 1, '13@qq.com'),
(5, '高宁宁', 'wanbgzhan', '18066526445', 1520567999, 1, '1023690273@qq.com');

-- --------------------------------------------------------

--
-- 表的结构 `think_news`
--

CREATE TABLE IF NOT EXISTS `think_news` (
  `id` int(10) unsigned NOT NULL AUTO_INCREMENT,
  `category` int(10) unsigned DEFAULT NULL,
  `title` varchar(60) DEFAULT NULL,
  `content` text,
  `time` int(11) DEFAULT NULL,
  `author` varchar(30) DEFAULT NULL,
  `is_delete` int(1) DEFAULT '0',
  `imgPath` varchar(80) DEFAULT NULL,
  `tuijian` tinyint(4) DEFAULT '0',
  `liulan` int(10) DEFAULT '0',
  PRIMARY KEY (`id`)
) ENGINE=MyISAM  DEFAULT CHARSET=utf8 AUTO_INCREMENT=223 ;

--
-- 转存表中的数据 `think_news`
--

INSERT INTO `think_news` (`id`, `category`, `title`, `content`, `time`, `author`, `is_delete`, `imgPath`, `tuijian`, `liulan`) VALUES
(1, 3, '网站建设流程', '<p>一、洽谈沟通&nbsp;</p><p>记录客户的要求与意向</p><p>二、网站页面设计</p><p>网站规划布局做图稿。</p><p>三、网站建设制作</p><p>后台功能，以及前台页面的制作。</p><p>四、 服务器域名的购买和解析绑定</p><p>根据客户网站名字给客户注册域名过户到客户名下。</p><p>五、网站测试上线</p><p>上传服务器安装搭建，通过域名访问网站。</p><p>六、上线维护推广&nbsp;</p><p>做seo优化或者百度推广，对网站进行推广，这是针对百度搜索引擎的推广，还可以在其他网络平台上推广，做互联网推广。</p><p><br/></p>', 1520048760, 'admin', 0, '/Uploads/2018-03-07/5a9f8e47d4314.jpg', 0, 46),
(2, 1, '网站建设的知识介绍', '<p>网站建设其实是一个复杂的工程。包括域名注册、主机租用、邮箱租用等环节，同时还包括网站策划、网页设计、网站推广、网站评估、网站运营、网站优化等诸多环节。具规模以上的企业甚至需要组建一个团队组成部门来专门管理自己的网站。</p><p>网站建设对企业的好处是什么</p><p>　　网站是企业展示自身形象、发布产品信息、联系网上客户的新平台，可以帮助企业通过电子商务开拓新的市场，以极少的投入获得极大的收益和利润。</p><p>　　企业网站不应当只是一个摆设，它不仅可以全方位的展现企业的品牌、精神、文化、品质、特点、地位、价值。同时网站是最有用高效的营销工具。当然，只有在网站可以满足用户需要信息的前提之下，网站的营销功能才能真正发挥作用。</p><p>　　一、树立公司形象，扩大业务宣传</p><p>　　可以通过企业网站进行公司的全面介绍，比如公司规模、产品、企业文化、运景规划、服务质量、公司所获荣誉、技术实力、资金实力、新产品研究、未来发展趋势等。由于公司的这些介绍不单包括文字，还有图片、视频、可以声文并茂地向潜在客户介绍自己的公司，树立公司形像，扩大业务宣传。</p><p>　　二、收集客户反馈，加强客户服务</p><p>　　通过公司的网站，可以建立统一的资料发送和接收系统，增强了安全性，稳定性、及时性，保证客户的利益。提高了服务质量，并能以一种快捷、方便的方式提供公司及其产品的信息和客户所需的服务。运用先进的传播扩展手段，增大公司的用户数量。大大提高了商务通信速度，扩大了通道的功能。拉近了公司与客户的距离，增强了与客户的关系。公司可全天候２４小时地服务我们的客户。与我们的客户保持售后联系倾听客户意见，回答客户各种反馈信息，及早发现问题，解决问题。</p><p>　　三、网上市场调查，开展网络营销</p><p>　　公司将自己的产品信息及经销商信息发布在网站上，各客户根据情况可申请加入该公司的销售网，也可直接通过网站订单系统向公司下销售订单；公司收到订单后对其进行确认，然后为客户提供资料。开展网络营销的肉容主要有：</p><p>　　1、产品信息：将公司销售的资料在网站进行宣传介绍，并按照产品结构进行分类，以利于客户查阅购买</p><p>工　2、客户信息：主要用于收集和管理销售客户的相关信息，便于对客户的推荐和跟进。以促进公司的销售活动</p><p>　　3、销售订单：实现公司和客户之间销售订单的网上提交管理。</p><p>　　4、经销商信息：将公司销售业务办公室及主要经销商的电话、地址、传真、业务人员姓名、负责领域或产品项目公布在网站上，以促进销售。</p><p>　　四、建立信息数据库，实施电子商务</p><p>　　建立公司完整的信息数据库，一个对内，一个对外。对内，在公司内最大限度的达到对信息资源的利用和共享，进行对信息的保存、搜索、查看、再利用等；对外，让客户尽可能多的了解公司性质和业务特征，将信息进行分类，便于客户搜索和查看。另外，访问者通过网站了解公司的资料，如果有订阅的意向，可以在线提交资料订单，管理者可以根据条件查看、检索、管理订单，并反馈到营销部门，及时的与制订订单的客户取得联系，实现简单的电子商务。</p><p>　　五、直接实现网络销售</p><p>　　好的企业网站不但对企业的形象是一佧良好的宣传，同时可以辅助企业的销售，甚至可以通过网络直接帮助企业实现产品的销售。</p><p><br/></p>', 1520048777, 'admin', 0, '/Uploads/2018-03-07/5a9f9c6eab2f3.png', 0, 50),
(3, 1, '做好网站建设需要哪些知识？', '<p>腾诺网络自成立以来就立足于打造国内第一家“全业务模式”的企业服务平台。公司的服务内容不断丰富，服务质量不断升。随着时代的不断进步，信息化的不断进步企业对网站建设的需求也是不断地增加。</p><p>新城、新征、新象、新旺，腾诺网络在新的一年里给大家温馨提示建站需知：</p><p>一、网站域名</p><p>网站域名是网站的名片，也是客户访问网站的第一途径和通道，而建设一个网站该取一个怎样的域名合适呢？首先，要符合简单好记的准则，比如腾讯的域名：阿里巴巴的域名是不是简单好记，然后可以选择和你行业有关联的域名，比如用行业的英文名字的首字母组合，或者拼音的首字母组合，这样的取的域名就是正确合适的。</p><p>二、网站服务器和虚拟主机</p><p>适合网站建设优化的网站服务器要求和配置主要有下面几点要求：1.云服务器（主机）2.独立ip；3.ISP网络访问具备兼容性；4.提供数据备份；5.服务器配置和资源分配合理；6.支持SEO常用技术（比如自定义404）7.打开速度快；8.稳定性和安全性好；9.虚拟目录绑定和建站数量不能过多；10.硬盘和内存空间适中。</p><p>三、网站类型和定位</p><p>你是需要一个优化推广的营销型网站，还是需要一个高端大气的品牌网站，或者是一个创意感十足的h5网站。你的网站是定位于国际性的外贸，还是内贸，是只需要企业展示效果，还是推广网站产品。这些也是网站建设必须知道的。</p><p>四、产品受众人群</p><p>网站建设是为企业产品做宣传和推广的，你必须的知道你的受众人群，目标客户和潜在人群，了解他们的年龄层次，消费习惯，兴趣爱好等等，只有知道这些，你才知道你网站应该更新什么文章内容，去哪些博客论坛做外链引流等等。</p><p>五、后期的维护和推广</p><p>网站建好后，就要持续的更新维护，以及最主要的推广功能。网站建好后不更新不维护，相当于一个死站，会被互联网海洋淹没，被搜索引擎抛弃。推广的话分付费和免费推广，付费就是SEM，包括搜索推广、网盟、知识等，免费就是SEO搜索引擎优化，对网站的一系列优化，使网站达到良好的排名。</p><p>更专业的技术，更贴心的服务。腾诺网络自成立以来专注于网站建设、软件开发、SEO优化以及网络推广；以安全性可靠性为基础，秉承客户服务至上的理念，给更多的企业带去更贴心心的服务。</p><p><br/></p>', 1520406858, 'admin', 0, '/Uploads/2018-03-07/5a9f94a653354.jpg', 0, 30),
(4, 3, '网站建设6大基础知识', '<p>现在网站建设普及度越来越广，做网站建设的企业也越来越多，引起不少对网站建设知识学习的追求者，一时间各种建站系统遍布互联网。在做网站优化中，也许对网站建设知识有个大体的了解，下面腾诺网络给大家介绍一些网站建设的基础知识，希望可以帮到大家。</p><p>1、域名</p><p>域名简单理解就是网址，是一个网站在网上的名称，也叫网络地址。域名一般有两类：一级域名和二级域名。二级域名必须依托一个顶级域名，它不是独立存在的。企业建站，一般选择.com、.net或.cn域名。</p><p>2、网站空间</p><p>一般俗称的“网站空间”就是专业名词“虚拟主机”的意思，网站需依托在网络服务器上才能运行，需要占据一定的硬盘空间。如我们做的彩票网站源码站点，需要有其空间。</p><p>3、网站界面</p><p>也就是网站的外观、整体感觉、网站整体构架。网站界面是用户和互联网产生接触的第一个窗口,对于互联网产品的用户体验以及访问量、注册量、销售额甚至成本等都有至关重要的影响。设计网站界面的人叫做美工或设计师。</p><p>4、网站程序</p><p>它表示网站的功能，技术含量。比如是否建有聊天室、留言簿等，同时是否采用先进的技术对网站进行了优化，这些对一个网站来说也是较重要的。</p><p>5、动态网页</p><p>动态网页是与静态网页相对应的，也就是说，网页URL的后缀不是.htm、.html、.shtml、.xml等静态网页的常见形式，而是以.asp、.jsp、.php、.cgi等形式为后缀， 并且在动态网页网址中有一个标志性的符号——“?”</p><p><br/></p>', 1520407049, 'admin', 0, '/Uploads/2018-03-07/5a9f94943436b.jpg', 0, 26),
(5, 1, '企业网站建设域名注册选择的基本知识', '<p>一个企业的网站，拥有一个的好的域名是公司的第二张名片身份，选择能够代表自己公司的域名可以让更对的人信任你的网站，愿意打开你这个网站，所以，我们在域名选择的问题上还是有很多需要注意的，那么腾诺网络来为大家介绍关于域名注册的一些基本知识。</p><p>第一：利用字母和数字的组合　</p><p>既然优秀的域名都被大家占了，那么我们只有从巧选择了。“hao123.com”这个域名大家都知道吧，它就是“字母+数字”组合的典范，同时，“地名+123”的域名也是炙手可热的。但大部分“地名+123”都已经被注册了。总的来说，“字母+数字”还是有很多好处的，而且也比较好记，所以，大家不妨考虑一下。</p><p>第二：选择有质量保证的域名注册商　　</p><p>很多新手个人站长以为选了比较便宜的域名服务商是占了便宜，但是殊不知购买以后经常出现DNS解析的问题，进而网站经常出现访问出错的情况，最后互不当初。所以，千万不要因为贪图便宜就让域名的DNS解析不稳定而毁掉了整个网站。</p><p>第三：域名长度的选择　</p><p>如今，好的域名都已经被注册了，所以在进行域名注册的时候，应该提前多准备一些备选的域名，不要让域名的长度太长，大家也都明吧，长度太长的域名当然是不方便记忆的，所以最好把域名的长度控制在9个字符以内。</p><p>第四：我们都知道，大多数企业网站使用的都是com的后缀，毕竟它代表的就是company，公司的缩写。但是基于很多这方面的域名都被注册了，我们不妨考虑一下cn以及net，这些是继com之后比较有名的后缀了。现在.cc这个后缀也正在迅速的扩张知名度，应该也在大家的选择范围之内。</p><p><br/></p>', 1520407272, 'admin', 0, '/Uploads/2018-03-07/5a9f9488ac236.jpg', 0, 21),
(6, 1, 'SEO必备知识技能', '<p>网站SEO优化必备知识:什么叫特征关键词组合搜索?说白点就是把你能想到的目标关键词组合起来搜索;我们正常情况下搜索都是输入一个关键词，或者是一个简短的话，这样有时候很难快速的定位自己想要的结果;了解搜索引擎工作原理的小伙伴可能会知道，当我们在搜索框中输入信息的时候，它会和自己的数据索引库进行比对，然后计算排名反馈到搜索结果页面中，而计算排名一个非常重要的因素就是匹配相关性，匹配程度越高，越有可能被展现出来这样一来我们就可以从增加相关匹配度着手，把想到的特征关键词组合在一起，这样能很快帮我定位想要的东西</p><p>搜索引擎高级搜索工具</p><p>关于搜索引擎的高级搜索工具可能是很多人不太熟悉，可能还会包括一些专门做SEO的从业人员，因为我们因为熟悉了输入关键词，直接点击搜索的固定思维模式，其实搜索引擎早就针对每一个人的个性需求开发了非常人性化的高级搜索，这里我们就以百度为例讲解;</p><p>1、查看自己网站的最近收录</p><p>2、过滤不想要的搜索结果;</p><p>3、快速查找需要文档</p><p>三、使用高级搜索指令</p><p>其实高级搜索指令是相对专业的SEO而言的，这些指令的搜索结果大都可以通过上面所介绍的高级搜索工具完成，区别在于一个是可视化的，一个是需要我们自己输入指令完成的，但是对于一个SEO从业者，一些基本的指令搜索技能还是很有必要掌握的，它能帮助我们提供工作效率。</p><p>1、site</p><p>格式：site:域名，主要用于查询网站收录，seo中经常会用得到，但是数据仅供参考，准确的索引量可以在百度站长后台中查看;</p><p>2、domain</p><p>格式：domain:域名，相关域查询，会检索出搜索引擎索引库中页面中包含查询域名的结果;以前我们经常用于查询网站的反链;</p><p>3、inurl&#39;</p><p>格式：inurl:字符串，字面上理解就是“在url中”，也就是说url必须包含我们查询的字符串信息才能被筛选出来;</p><p>4、intitle</p><p>格式：intitle:字符串，字面上理解就是“在title中”，也就是说title必须包含我们查询的字符串信息才能被筛选出来</p><p>5、filetype</p><p>格式：filetype:文档类型 关键词，如“filetype:pdf seo”，能够帮助我们快速筛选出和seo有关的pdf文档;</p><p>6、减号“-”</p><p>格式“关键词1 -关键词2”减法指令，和上面的高级搜索工具的过滤功能差不多</p><p>结语：seo是网站运营中非常重要的一部分，而且搜索引擎也是我们日常生活学习中最主要的通道，所以真正的学会使用它，给我们的工作提高效率是一个运营者需要思考的。</p><p>现在做SEO的都很清楚，以前非常好用的手法，不断的被淘汰，从早期的关键词堆砌到后来的外部链接泛滥还有各种的黑冒SEO，所以搜索引擎也是为了更好的体验不断的升级和改变算法，所以很多很简单就可以做的排名，现在已经都非常的难。</p><p>一、排名的因素</p><p>1、 内容价值</p><p>这是搜索引擎一直在做的事情，网页都是以亿为单位的在搜索引擎中存在和排序，自然就有非常复杂的计算考虑各种因素和维度，所以早期在算法不完善的情况下，自然SEO做起来非常容易。不管搜索引擎算法如何改变都是围绕给用户提供价值内容，所以在百度发展这么长时间，SEO从业者一直谈论的搜索引擎变化，其根本是没有任何改变的。</p><p>2、用户体验</p><p>在内容有价值的前提下，可以让用户更轻松更容易的查看学习，所以才会有网页打开速度、网页的清晰度、网页广告形式等因素影响到SEO的排名。从用户体验来说，也是搜索引擎算法一直围绕着在改变，随着互联网发展和用户对网络要求的提高，搜索引擎自然要跟着用户的需求进步。所以说SEO排名因素只有一个就是给用户提供友好的价值体验，其实从搜索引擎一开始就一直在围绕这一点在做，只是在利益的驱动下，这点因素往往会被忽落掉。</p><p>二、内容的质量</p><p>3、排版合理</p><p>文章的排班主要也是针对用户，所以图文并茂会更能获得用户的喜欢，段落清晰更可以让内容看的舒服，字数控制让用户更有耐心和专注阅读，关键加错让段落主题突出，内链设置更好的扩展阅读和黏性。</p><p>4、浏览顺畅</p><p>排版合理自然可以获得更好的浏览体验，网页速度是影响浏览的重要因素，广告布局是否影响正常的内容浏览，主题突出可以让用户更好更快的理解，总之就是用户在浏览的时候要快、精、准。</p><p>写文章和排版美化 (供参考)</p><p>1.时间(打开文章20秒容易看进去).</p><p>2.美观(文章条理清晰)</p><p>3.理解(别人能理解你写的是什么)</p><p>1.标题(18字以内适合美化),</p><p>2.摘要(50-200字)主讲核心内容</p><p>3.段落(小分类，18字以内</p><p>4.图文(在场性，图片有思考)</p><p>5.结尾(总结自己的感受)</p><p>三、关键词布局</p><p>5、TKD出现关键词：标题title出现1-2次关键词，关键词keyword出现一次关键词，描述description出现2-3次关键词。</p><p>6、URL出现关键词：URL如果可以出现英文、拼音、汉字关键词，会对排名有利。</p><p>7、导航出现关键词：在页面导航出现关键词，可以再一次确定内容的主题和重要性。</p><p>8、样板出现关键词：就是头部和底部的样板文字出现关键词，会让整体页面的主题词更加的突出。</p><p>9、内链出现关键词：本页面链接其它页面的词或者其它页面链接本页面的词出现关键词。</p><p>10、外链出现关键词：发布外部推广外部链接时最好带有本页面的锚文本。</p><p>11、内容出现关键词：内容里多次出现页面关键词，并且在第一次出现时加错。</p><p>12、ALT出现关键词：图片ALT属性出现关键词，并且在图片底部描述出现关键词。</p><p>腾诺网络，秉承“诚信为本，长期服务”的宗旨，把为客户提供全面，全套，全方位的一站式解决方案，为推进企业的信息化进程全力以赴。</p><p><br/></p>', 1520407534, 'admin', 0, '/Uploads/2018-03-07/5a9f947e420ab.jpg', 0, 21),
(7, 3, '网站建设公司这么多，我们该如何选择', '<p>在网络普及的今天，服务于网络的公司也越来越多，对于企业来说，选择正确的网站建设公司可以有效避免很多失误与麻烦，可以让您在网站及企业运营上有充足的时间。当我们想建设网站的时候，总是缺乏整体规划性和发展前瞻性。很多企业对网络建站不太了解，或者对网络公司不够了解，被打着网络科技公司旗号的一些初级入门者忽悠，本来想节约点成本选择了个价格低廉的网站建设服务商，结果遇到消费陷阱或者返工重做，原先的投入都白费力了，到头来不但成本花了数倍，最后建成的网站不能达到自己的要求，对公司业务帮助不大。</p><p>意识形态的差距</p><p>很多客户在网站前期并不注重市场及用户的调查分析，只按照自己的想法去进行，结果在网站建好后却市场及用户反馈出了另外的信息。</p><p>网站建设成功与否的标志</p><p>不仅仅是在于客户满意与否，而是在于它为客户所创造的销售效益及带来的商业价值，这才是我们的终极目标和衡量指标。以结果为准则，以手段服务为目标，不被过程所蒙蔽，让我们不会忘记目标及偏离目标。</p><p>网站建设是一个系统工程</p><p>在这工程里追求的有访问流量、视觉效果、功能互动、内容信息、品牌建设……于是单方面的去追求单纯效果，结果发现每个环节都很重要。</p><p>因此，客户应谨慎的选择网站建设公司，也许前期会看上去多付出一些精力，但是如果服务商能够为您广泛深入的进行市场调查、用户行为分析、整体规划部署、好的后期服务、认真执行每个细节。以此说明选择好网站公司非常重要的。</p><p>腾诺是谁：</p><p>腾诺信息技术有限公司——致力于互联网技术服务、开发及应用，为企事业单位提供一站式、全方位整合网络品牌服务。 从网络品牌的策划、创建、品牌推广，发展到品牌维护和管理，对网络资源进行分析、诊断、整合，为提升品牌价值提供策略、创意、设计、顾问服务，并专注于对网络品牌、网络策划、设计视觉等方面的探索和研究，保证了策划、开发、设计、方案实施、研究等全方位的专业化运作，根据客户具体情况制定系列专业和规范的客户服务和保障体系，为企业提供周到、放心的一站式服务。</p><p><br/></p>', 1520408049, 'admin', 0, '/Uploads/2018-03-07/5a9f95f19ca41.jpg', 1, 25),
(8, 3, '外贸网站建设经验总结', '<p>外贸网站的风格要简洁、大方</p><p>因为外贸网站的对象是国外的客户，顾客是上帝，所以要让你的外贸网站老外看起来觉得习惯、舒服，没有丝毫觉得不适应。有一些客户觉得网站应该做得高大上，一味的追求网站时尚、漂亮，甚至全部放一些FLASH动画，这样的网站在我们很多人看来觉得很漂亮，但除了漂亮之外这个网站再也没有给访客留下其它的印象了。海外的客户来你的网站是要找寻自己需要的产品和其它信息，而不是来欣赏你网站艺术的。</p><p>明确做外贸网站的目的</p><p>很多人都会说，外贸网站是做给客户了解自己的公司产品信息的，但关键的一点就是外贸能够给你带来实际的效益，如果你有很多客户的话这没错，如果没有客户的话，那么老外就无法找到你网站去了解你公司和产品了。所以说，外贸网站不仅仅是一个发布产品的“网站”这么简单，外贸网站其实也是一个能够自动给你带客户的营销工具。</p><p><br/></p><p>总的来说，好的外贸网站对企业的外贸业务来说是非常重要的一个组成部分。</p><p><br/></p><p>一个好的外贸网站必须是结合欧美网站设计风格，以网络营销理念为核心，将网络营销概念应用于网站建设中，充分将网站的策划、网站设计、网站优化(SEO)、网络营销(SEM)融汇一体，让您的外贸网站赢得欧美客户认可，又赢得GOOGLE、YAHOO等搜索引擎的认可，迅速脱颖而出，带来大量的客户订单。</p><p><br/></p>', 1520408248, 'admin', 0, '/Uploads/2018-03-07/5a9f96b8cfa99.jpg', 0, 28),
(9, 3, '网站建设与推广营销：失去安全就失去一切', '<p>作为网络营销推广转化的基础，网站已经越来越受到众多企业重视。不仅设计制作的越来越漂亮，而且还能从用户角度出发，让网站的感官体验越来越好。事实上本该如此，对于广大企业而言，做网站的目的很简单也很直接，就是为了更多的获取用户的关注，从而让品牌形象和营销推广得到提升。相对于可以直接感知到的网站设计、交互制作，以及营销推广的流量数据，网站安全问题一直隐藏于网站运营推广中，不容易被发现也没有得到应有的重视。殊不知，网站建设与推广营销，失去安全就失去一切。相比以前，这几年搜索引擎流量劫持以及网页内容遭遇篡改的事情有高发趋势，</p>', 1520408407, 'admin', 0, '/Uploads/2018-03-07/5a9f975774d33.jpg', 0, 39),
(10, 1, '互联网+时代网站建设的发展趋势', '<p>在互联网+时代墨守成规是会被淘汰的，只有改变、创新才能迎来新的突破，那么网站建设未来的发展趋势都有哪些呢？</p><p>用户体验。无论是什么时候，用户体验都是一个重心。网站建设将更加注重用户体验，而不单单是将页面设计的多精美，而是需要更便捷、更具操作性的网站，内容也需要更加的丰富，网页更具有特色，只有一个“简洁大方”的网站才会得到用户的认可和接受。</p><p><br/></p><p>安全性。对于企业来说，网站的安全性要远高于其他的性能，比免费这块金字招牌更能引起大家的注意。因为网站一旦受到黑客的攻击，造成的损失是不可估计的。</p><p><br/></p><p>个性化设计。现在很多企业开始倾向于选择个性化的网站，他们都想设计一个有自己鲜明特色的、独一无二的网站，这对于打造自己品牌也是有一定的影响力的。个性化现在已经成为网站建设的主流，个性化能够实现的全方位售后服务、案例解析、用户交流等都是利于网站长远发展的利器。</p><p><br/></p><p>网站功能与交互性。在互联网发展到今天这个阶段，和用户之间的交互变得越来越重要，所以，在网站建设的时候，要围绕这个方向，更注重浏览者的交互，比如将微博、论坛等社区网站的一些功能融入到企业网站中，这对于企业站来说十分重要。</p><p><br/></p><p>网站将由展示型向营销型转变。在互联网+时代 ，大家需要的信息量更大，展示型的模板已经不能够满足用户的需求，太死板而且包含的信息量太少。现在营销型的网站更能够符合用户的需求，功能也更多更合理，系统更加偏向稳定性和安全性。</p><p>西安腾诺信息技术有限公司始终坚持以“创新的精神打造出最有用的产品”，致力于互联网技术服务、开发及应用，为企事业单位提供一站式、全方位整合网络品牌服务。</p><p><br/></p>', 1520408579, 'admin', 0, '/Uploads/2018-03-07/5a9f98032f34f.jpg', 0, 32),
(11, 1, '企业为什么要建手机网站？和普通网站相比有什么好处？', '<p>视觉效果，这个是最直观的。PC版网页在手机上打开口，字体会很小，看不清楚，而且图片尺寸很大，页面很大，这样也会消耗很大的流量，网页加载很慢，这不仅浪费用户的钱，而且严重的影响用户的体验。在这个体验至上的年代，一个没有良好用户体验的网站，你还期待有成交量吗?</p><p>庞大的潜在用户群</p><p>　据不完全统计，全国移动手机端的用户已经超过PC端用户群体，2016年全球网民达到34.2亿人，而手机用户达到37.9亿人，相当于全球人口的51%。面对如此庞大的数据，企业建立手机网站，将会开启更大的移动市场!通过随身携带的手机网络，很多企业已经开始随时随地的做生意了，你愿意失去那5亿的庞大市场吗?</p><p>具备极佳的用户体验</p><p>　　手机网站是根据手机屏幕进行开发的，上面的功能和按钮是更加符合用户体验的，在不下载app的情况下也能流畅查阅企业的网站，把企业的信息准确快速传达给你的潜在客户。此外，手机网站能更好的结合微博、微信做推广，移动社区+手机网站=最佳用户体验，更易促成用户成交!</p><p>高效快捷的营销方式</p><p>　　那随着移动互联网的发展，大家都越来越倾向依赖手机，手机在互联网时代的地位是不言而喻了。在这个基础上，手机网站可以帮助企业不受时间地域去营销，现在人们基本都是手机不离身的，可以随时随地把你的产品卖给所有手机用户，比传统营销高效十倍!</p><p>　　此外，搜索引擎会优先把手机版网站排在前面，如果还没有手机网站，你的生意可能已被别人抢占先机了!</p><p><br/></p>', 1520410143, 'admin', 0, '/Uploads/2018-03-07/5a9f9e1fc380d.png', 1, 70),
(12, 2, '网站建设中的色彩搭配学', '<p>网站建设中色彩搭配对网站的重要性，估计没有什么人会不在乎了，但问其究竟重要在哪儿，大多数人肯定会认为是美观，不可否认，在不涉及营销和推广宣传，美观的确是网站颜色色调，最主要的价值体现了。</p><p>　　但如果涉及到营销和推广宣传了？很多关于颜色和购买习惯的心理书，作为网络营销人和电商人，该明白和懂的一些关于颜色的基本规律，以及这些规律分别代表什么，能给我们带来什么帮助和意想不到的收获。</p><p>　1，有将近93%的顾客在接受广告或选择和购买的时候，会首先考虑到网站的颜色和外观。</p><p><br/></p><p>　　这个调研的意味不仅仅是指网站装修的要美观好看，其实最主要的，还是颜色要大气得体，要让顾客觉的你这个是正品的，是品牌的，有实力的，有底蕴的。</p><p><br/></p><p>　　因为在网上，顾客普遍缺乏的是信任，所以我们在第一眼的时候瓦解了顾客的信任，那么对我们的营销和推广来说，就赢了第一步。</p><p><br/></p><p>　　2，有将近85%的顾客表示，在购买产品的时候，颜色是最主要的因素之一。</p><p><br/></p><p>　　这块儿在电商领域应该是很常见的，很好理解的，因为很多顾客就是因为看产品颜色，觉的不错，才下单购买的。这点 可以在很多卖服饰的产品评价里轻易看到，比如：实物比网站上颜色要深，实物没网站上好看等等。 产品拍的好不好看另说，最主要的还是产品颜色上的修饰以及与背景颜色搭配起来，带给顾客的视觉体验。</p><p><br/></p><p>　　3，综合相关数据分析，如果颜色搭配的合理得体，品牌的知名度将会提升80%。</p><p><br/></p><p>　　这个可以在众多的电商网店以及单独B2C网站上看的出来，如果一个网店或网站，颜色花哨，背景色喧宾夺主，或颜色搭配处理不当，就算是知名品牌，也会觉的这个网站是不是山寨的，因为视觉颜色上已经反映了粗糙和不精细。相反如果是一个小品牌，但它网站和网店的颜色搭配统一，有自己的风格，颜色视觉上，细腻而精细，那么就算是一个小品牌，顾客也会怀疑，这个是不是她漏掉的，或是未知的一个知名品牌。</p><p><br/></p>', 1520413950, 'admin', 0, '/Uploads/2018-03-07/5a9facfe9b72e.jpg', 0, 17),
(13, 3, '“互联网+”时代 网站建设的五大趋势', '<p>随着“互联网+”时代的到来，无论是什么行业，为了跟上时代的步伐，都争相创办自己的网站。但是有的建站公司利用客户不懂行，直接套用低廉、劣质的模板网站将企业网站建设完成交给客户，完成交易。企业也乐于接受如此低廉的价格，于是皆大欢喜。但是这样的网站建设了又有什么用？真的是企业所需要的吗？结合腾诺网络5年的建站经验，谈一下“互联网+”时代，网站建设领域需要重视的几个发展趋势：</p><p><br/></p><p>1.安全性在网站建设的影响力将与日俱增</p><p><br/></p><p>&nbsp; &nbsp; &nbsp; 在网站建设行业，可以说安全性要远比免费这块金字招牌更能引起大家的注意。谁都知道在过去的一年中，有太多的黑客攻击事件，致使用户信息被泄露，用户蒙受隐私信息以及财产的直接损失，支付宝、陌陌、美团、甚至是百度都遭受过类似的攻击，这让用户对于互联网产品产生了一丝阴影。而在企业方面，安全性的缺失最直接的体现莫过于辛苦运营的网站被挂马，为别人辛苦了半天。这些都是大家在进行网站建设过程中必须要重视的问题。谨防后院起火，不仅仅是对自身长远发展的考虑，更是对用户的负责。</p><p><br/></p><p>2.个性化是受到更多网站运营者的喜好</p><p><br/></p><p>&nbsp; &nbsp; &nbsp; 网络的发展的确鼓舞了很多网站，可以说仅仅在网站建设这一个领域诞生出来的同行就不计其数。那么在大同小异、千篇一律的网站时代，如何做出自我就会是一个相当智慧的命题。就好像车模众多，但出名的只有那么几个，靠的不过是个性，让别人记住自己罢了。</p><p><br/></p><p>&nbsp; &nbsp; &nbsp;一样的道理，在网站建设行业，我们一样要将个性化作为网站建设的主流。诚然，目前网络上有很多可供免费使用的精美模板，但是你能下载别人也能，用的多势必会造成审美疲劳，尤其对于企业来说，个性化的打造更是必不可少。因为企业更倾向于针对自己的企业以及品牌打造的一个具有自己鲜明特色的、独一无二的网站，而不是一个个“克隆”的模板网站。免费固然很好，但是缺乏个性的现实必须要承认。其次，个性化能够实现的全方位售后服务、案例解析、用户交流等都是利于网站长远发展的利器。</p><p><br/></p><p>3.营销型网站建设将代替传统展示型网站建设</p><p><br/></p><p>&nbsp; &nbsp; &nbsp; &nbsp;最开始的网站，由于技术水平不高，功能较为简单，而且以静态页面为主，制作粗糙。主要是文字简单的图片。现在已经被淘汰。后来逐渐增加了互动元素，flash动画。带来了前所未有的动感，但是数据有限，信息不丰富。随着网络的涉入，社交媒体拥有一个潜力巨大的营销市场，并且伴随移动互联网的继续成长，社交媒体成长的空间更为巨大，因此网站建设一定要紧紧依靠这点进行营销改造，所以这就要求我们抛弃传统的展示型网站建设模式。</p><p><br/></p><p>&nbsp; &nbsp; &nbsp; 其实现在仍然有很多冲床企业钟爱展示型，或许在他们眼里看来这能充分展示自家产品，但是别忘了展示型模板实用性不大，信息包容量低以及死板等因素同样不能忽视。在社交营销大肆放行的今天，作为理智的企业应该做的不是逆流而上，而是巧借东风。管理营销型网站，不是最好的，但必须是最合适的。网站系统的开发功能需更合理，更加偏向稳定性和安全性。</p><p><br/></p><p>4.用户体验将成为网站建设的重中之重</p><p><br/></p><p>&nbsp; &nbsp; &nbsp; 试想京东为什么能够在短短的十年间成为中国B2C的老大，靠的就是用户体验，从物流到价格，从产品到售后，京东都尽力做到最好。对于企业，这样的金科玉律同样值得遵守。因此用户体验必然要成为我们日后网站建设的众矢之的。至少在我看来，网站建设将更加注重用户体验，而不仅仅是将网站定位在一个精美的页面上。应该带来的是更便捷的网站操作、更具有特色的网页设计、更丰富的网站内容，只有一个“简洁大方”的网站才会得到用户的认可和接受。其实用户体验有些时候还决定着品牌信任度，大家觉得是不是。</p><p><br/></p><p>5.网站功能与交互性都将被加强</p><p><br/></p><p>&nbsp; &nbsp; &nbsp; 可以说传统的企业网站已经不适用于企业品牌推广，尤其是令人诟病的网站功能与交互上，很多企业都只有新闻更新、产品展示这些基础的功能，这种没有新意的网站建设手段根本就留不住流量。在未来新型的企业网站建设过程中，我们一定要注重浏览者的交互，比如将博客、论坛等社区网站的一些功能融入到企业网站中，并随机调取相关的数据进行展示，抑或实现在线交流，随时把握访问者的阅读心态等，这对于企业站来说十分重要。倘若企业发布的文章，读者可以进行相应的评论，企业本身又能针对这些问题进行一一的答复，那么最终流量的转化率会非常高。</p><p><br/></p>', 1520414184, 'admin', 0, '/Uploads/2018-03-07/5a9fade8206cc.jpg', 0, 22),
(14, 2, '如何进行网站建设', '<p>网站现在是网络的基本元素之一，也是很多公司想要宣传自己要做的一个必备的门户。但是很多人把网站建设流程想象的很简单，其实并不然。今天就和大家具体分析一下常规的网站制作建设流程到底是什么：</p><p>　　第一个步骤，</p><p>就是网站建设公司的人员，来公司了解一下客户的主要目标和想法。一般的用户可以在这一步的时候，认真的跟网站建设公司的人员进行沟通。只有这样才可以做好网站。</p><p>&nbsp;&nbsp;&nbsp;&nbsp;&nbsp;&nbsp;第二个步骤</p><p>就是进行初步的网站构架。这个主要是为实现网站的基本功能而坐的。有的网站看着很花哨，其实构架很简单，但是有的功能比较复杂。根据网站建设的技术人员的说法，网站框架的搭建比较考验技术，但是网站的整体就比较考验网站美工设计的能力。</p><p>其实对于网站建设来说，美工也是一个非常重要的步骤。要不然网站就会看起来比较的代办，没有吸引力。所以我们就可以知道了，网站建设的主要步骤就是了解意图，设计框架，美化润色了。这就是我们一般的公司建设网站时候的基本工作流程。</p><p>　　对于想要做网站的客户来说，最好的办法就是去找一个专业的无锡网站建设公司，来为自己做一个很优秀的网站。但是选择专业的网站建设公司也有很多需要考虑的方面，大家千万不能只注重价格，不要贪图便宜，也不要认为价格越贵就越好。</p><p><br/></p>', 1520414330, 'admin', 0, '/Uploads/2018-03-07/5a9fae7af1849.jpg', 0, 26),
(15, 2, '网站建设的秘密', '<p>网页的设计和功能列表理所当然成为了与受众粘性直接联系的因素。早前eMarketer的几项研究数据曾揭示了大部分用户在浏览网站时关注的一些网站项目，这里便借助这些研究为大家列出建网站时应首要考虑的问题以优化网站效果，当然这既要考虑网站设计元素，也要确保你的网站没有任何错误。</p><p><br/></p><p>做网站不是一锤子买卖，很多企业网站从建好的那一天开始就没有人管理维护了，其实网站制作完毕，就进入长期的售后服务阶段。但网站维护主要做什么，一直是个朦胧的概念。合势网络为你解析基本的公司网站维护主要做什么？网站建设成功好后，后期还是需要不断的维护更新。</p><p><br/></p><p>一、网站的内容更新</p><p><br/></p><p>&nbsp; &nbsp; &nbsp; &nbsp;网站建设成功后，内容才是用户想要看到的，所以信息内容应该不断的更新。不仅用户喜欢新鲜的信息，搜索引擎亦如此!周期性的给网站增加新的信息内容，这个应该是一个基础工作。</p><p><br/></p><p>二、回馈用户信息</p><p><br/></p><p>&nbsp; &nbsp; &nbsp; &nbsp;现在多数网站都有在线与客户交流的功能，这需要网站维护公司及时的对客户信回馈和处理。如果用户信息长期得不到回复，这样用户体验就会变差，长此以往网站就会流失大量的客流量。</p><p><br/></p><p>三、推广网站</p><p><br/></p><p>&nbsp; &nbsp; &nbsp; &nbsp;网站建设好后，我们还需要让大家知道这个网站，这就需要对网站进行推广。网站做好了不是放在那保证正常运行就行的，你不推广不宣传，别人怎么能知道你有网站呢?推广是把网站主动推给需要了解你公司产品和信息的人，这样才有接下来的成交。</p><p><br/></p><p>四、硬件维护</p><p><br/></p><p>&nbsp; &nbsp; &nbsp; &nbsp;服务器及相关软硬件的维护，对可能出现的问题进行评估，制定响应时间。网站有价数据无价，经常备份网站数据防止数据丢失也是网站运营当中不可或缺的一环。</p><p><br/></p><p>五、制定规定</p><p><br/></p><p>&nbsp; &nbsp; &nbsp; &nbsp;制定相关网站维护的规定，将网站维护制度化、规范化。网站运行一段时间后，你应该了解：站点中哪些页面比较收欢迎，这些页面为什么会吸引访问者?哪些页面访问次数最少，而访问次数最少的页面是否重要?网站中哪些页面已经不存在，而这些不存在的页面的链接是否存在与其他页面之中?等等信息。</p><p><br/></p>', 1520414558, 'admin', 0, '/Uploads/2018-03-07/5a9faf5e38815.jpg', 0, 222),
(16, 3, '网站建设关键词如何设置 四大技巧分享', '<p>我们知道，关键词是网站建设一个重要的部分。网站关键词一般会出现在首页、栏目页、内容页、专题页与营销页，后两者是在后期运营过程中诞生的。关键词的设置至关重要，对客户起引导作用。下面介绍不同页面位置网站关键词的设置。</p><p>第一、首页关键词的设置</p><p>　　在前期，网站首页关键词不可太多，1至3个词最为合适，同时密度也无需刻意增多。筛选关键词可以依靠相关根据查询其搜索频率，一般新上线网站不建议选取搜索频率过大的关键词，最好寻找一些有一定的搜索频率而竞争又相对小的关键词。</p><p>　　第二、栏目页关键词的设置</p><p>　　栏目页关键词适合以产品词为核心进行延伸布局，可以多寻找一些关键词进行选择，但是最后选取设1-2个并且进行重点词筛选布置在栏目页面。需要了解用户会如何搜索关键词，可以在百度下拉处或百度其它搜索显示关键词进行记录测试。</p><p>　　第三、内容页关键词的设置</p><p>　　内容页才是用户的最终目标，这个页面也是搜索引擎最看重的页面。对于新站而言，搜索引擎若是能在内容页正常并快速发出收录结果，新站就算发展的不错了。所以网站内容要优质，同时也要挖掘长尾关键词定时更新内容。只有坚持这样，网站才能慢慢有成绩。</p><p>　　第四、聚合页关键词的设置</p><p>　　在前期工作都做好后，聚合页就要开始发挥作用了。网站运营一些时间后，会发现内容更新无从着手。该发掘的长尾关键词和营销策略词也用的差不多，再继续使用，除了增加收录，对于提高主关键词的排名也无益处。此时利用聚合页整合部分站内已被收录的文章并且重新整理规划设置新页面，用原文章重建的新页面难道不比无止境更新文章的效果来的更好?</p><p>　　综上所述，网站建设的关键词尤为重要，网站关键词在不同的页面设置有不同的要求，只有遵循相关原则，用心去做，才能完善用户体验，不断的提升网站排名。</p><p><br/></p>', 1520418160, 'admin', 0, '/Uploads/2018-03-07/5a9fbd705cbea.jpg', 0, 183),
(17, 3, '如何做好网站建设?', '<p>网站建设方面有哪些注意点?做好网站其实掌握三点就可以了：</p><p><br/></p><p>第一个是网站的交互体验，说白了就是让浏览网站的客户觉得好用，不会因为缺少了哪些功能或者哪些功能做得不够好，而影响了客户对你网站的印象，从而影响了对公司的印象。</p><p>第二个是网站的设计，也就是美工，要符合公司的形象，当然要美观是肯定。</p><p>第三个就是网站的基础优化，这个你可能不是很好理解，其实说白了，就是为网站做一些工作，好让搜索引擎对你网站比较友好，你要主推的产品的关键字能在搜索引擎上有个好的排名。这点很多网络公司做得不是很到位。</p><p><br/></p><p>掌握了以上三点，一个网站应该就很不错了，希望你能找到满意的网络公司。</p><p><br/></p>', 1520418323, 'admin', 0, '/Uploads/2018-03-07/5a9fbe13cdc15.jpg', 0, 41),
(18, 2, '网站建设要多少钱', '<p>网站建设大家都会考虑到一个费用的问题，那么网站建设需要哪些费用呢？</p><p><br/></p><p>第一、域名费用</p><p><br/></p><p>域名是非常重要的，每一个域名都是独一的，所以企业网站建设必须要先购买域名，域名的种类有很多，比如：com、cn、net等等，不同类型的域名价格是不一样的，域名的选择是要利于后期的优化与推广，不要随便选一个。</p><p><br/></p><p>第二、空间费用</p><p><br/></p><p>选好了网站的域名，接下来需要一个稳定的空间，因为空间会直接影响到访问速度、打开速度，一旦速度慢就会影响到用户体验与蜘蛛抓取，同时，如果空间过小，储存的数据也有限，所以一定要选择适合企业发展的空间，选择知名空间服务商。</p><p><br/></p><p>第三、网站建设制作费用</p><p><br/></p><p>网站类型非常多，有模板型的、传统型的、展示型的、营销型等，其中模板型网站是最便宜的，也是现在市面建站公司普遍采用的。好的网站建设还是需要专业的公司来定制制作，这种类型的网站，价格不等，大家可以根据情况来定。</p><p><br/></p><p>网站建设好后还需要不断的优化维护，所以，一个网站建设需要多少钱，是没有一个准确的数据，大家可以依自已的情况而定。</p><p><br/></p><p><img src="/ueditor/php/upload/image/20180308/1520505300620217.jpg" title="1520505300620217.jpg" alt="QQ截图20180308183449.jpg"/></p>', 1520505305, 'admin', 0, '/Uploads/2018-03-09/5aa208e6e7be2.jpg', 1, 28),
(19, 1, '最常犯的四个网站建设错误！', '<p>网站建设对于大多数现代企业来说已经是一种稀疏平常的宣传手段了，但在市场上也有一些企业是处于盲目跟风才会建设网站，他们对网站建设的作用完全没有清楚地认知，这就导致这些企业在网站建设中常常会犯很多常识性的错误，这些错误不仅会阻碍企业正常的网站宣传，同时还会给企业带来很多不必要的麻烦。下面我们就来为大家盘点一下这些常见的企业建站错误。</p><p><br/></p><p>网站建设对于大多数现代企业来说已经是一种稀疏平常的宣传手段了，但在市场上也有一些企业是处于盲目跟风才会建设网站，他们对网站建设的作用完全没有清楚地认知，这就导致这些企业在网站建设中常常会犯很多常识性的错误，这些错误不仅会阻碍企业正常的网站宣传，同时还会给企业带来很多不必要的麻烦。下面我们就来为大家盘点一下这些常见的企业建站错误。</p><p><br/></p><p>2.把网站当成信息发布板</p><p><br/></p><p>在网站内容填充这块，很多企业仅仅只是把一些公司资料简单的上传，也不加以修饰，这样一来不仅会使网站最基本的展示效果大打折扣，同时还会严重影响网络用户的浏览体验。所以正确的做法应该是首先要多注意图片与文字的结合，以便让整个网站看起来更具吸引力，其次在保持网站设计美观大方的同时还要考虑到大多数用户的浏览习惯问题，这样网站整体的观感才会更好。</p><p><br/></p><p>3.不注重网站运营</p><p><br/></p><p>有过网站优化经验的人都知道，如果网站刚刚建成，为了让它能尽快被搜索引擎收录就需要运营者时刻关注网站的收录状态。但是很多企业往往会潜意识地觉得网站建设完成后就万事大吉了，这种认知无疑是错误的，如果我们不推广，那么新建网站如何能在竞争激烈的网络市场中脱颖而出呢。</p><p><br/></p><p>4.贪图便宜忽视建站质量</p><p><br/></p><p>出于建站成本的考虑，企业注重建站价格本无可厚非，但有些企业为了节省建站费用会故意用仿版或低廉模板来建设网站。这样做不仅不能节省网站费用，反而还会让企业陷入许多不良网络公司的营销陷阱，因此企业在挑选建站公司时不仅要重“价”更要重“质”。</p><p><br/></p>', 1520505367, 'admin', 0, '/Uploads/2018-03-09/5aa207fa1e0a6.jpg', 1, 23);
INSERT INTO `think_news` (`id`, `category`, `title`, `content`, `time`, `author`, `is_delete`, `imgPath`, `tuijian`, `liulan`) VALUES
(20, 1, '网站制作不好的原因有哪些', '<p>　对企业来说，网站就是脸面。在网络中，网站又非常重要的，是消费者访问，达到的地方，能满足消费者的需求。但是，在网站制作中常常会存在很多问题，会影响到网站的运营。下面，西安网站制作小编分析一下，网站制作不好的原因。</p><p><br/></p><p>　网站制作不好的首要因素：</p><p>　　第一、内容乏味</p><p>　　网站的内容未必不充实，可有太枯燥乏味了。过去来做网站，站长总是会来强调网站不可以做成空壳子，必须要充实一些。无论好坏，有用或没用，相关或不相关都堆到网站上。这样的网站很充实但也没能起到原来理想的效果，反倒更枯燥乏味。</p><p>　　第二、不能来忽略网站兼容性</p><p>　　网站的兼容性问题是非常重要的，许多企业只关注网站在其中一种浏览器的显示效果，往往会忽略掉其他浏览器的兼容效果，因此，这样很可能就会失去一部分访问者的。</p><p>　 &nbsp; 第三、少用或不用flash功能</p><p>　　对于这个，大家应很熟悉，它就是视频。大家都明白：如在网站上堆积太多的视频，是会影响到网页的打开速度的，最终也会流失掉一部分的网友。</p><p>　　最后，西安网站制作小编在提醒各位企业，想把网站做好的话，必须要避免上述问题，网站建设时要满足用户体验度，这样才能带来用户。如果您还上述之前的思维模式，不仅会带来很多麻烦，网站建设也是白搭，只是一种摆设，根本无法起到运营推广的目的。</p><p><br/></p><p><img src="/ueditor/php/upload/image/20180308/1520505647451360.jpg" title="1520505647451360.jpg" alt="QQ截图20180308183900.jpg"/></p>', 1520505651, 'admin', 0, '/Uploads/2018-03-09/5aa208690e8b2.jpg', 1, 21),
(21, 3, '怎么判断网站制作价格是否合理', '<p>随着企业对网站建设的需求日益加大，网站建设公司之间的竞争也越发激烈，最为典型的就是大打“价格战”，对于这一点，大家一定要注意。对做网站用户来说，价格适中是常常是必须考虑的决定因素。就网站价格而言，同一个网站，不同的公司可能会有不同的报价。对用户而言，判断和评定网站建设报价是否合理，对维护自身利益是非常大的有好处的。那么客户该如何判断一个网站建设价格是否合理呢？这里，西安网络公司就来分析一下网站建设的价格高低到底是由哪些方面决定的。</p><p>&nbsp; &nbsp; &nbsp; 1、网站设计要求</p><p>&nbsp; &nbsp; &nbsp; &nbsp;网站设计的好坏，设计花费的精力与时间等，是决定网站建设价格的决定性因素之一。有的用户对网站界面的要求不高，一般般过得去就行，这样的网站对于建站公司来说，可以说很容易就建设好了，这样的网站价格一般都不会很高。而有的用户则对网站界面设计的要求是很高的，特别是一些大公司的网站，对网站界面的要求非常高，这种网站对于美工和编码人员来说，都很耗费时间，自然做网站成本就高起来了。不仅网站界面设计如此，其他的设计如网站结构、导航系统等，这些设计都需要耗费时间，如果要求高的话价格自然水涨船高。</p><p>&nbsp; &nbsp; &nbsp; &nbsp;2、网站功能要求</p><p>&nbsp; &nbsp; &nbsp; &nbsp;网站功能的多少和复杂程度，是决定着在做网站的价格。有的用户对网站功能要求不高，能够显示页面信息、页面上只需要图片和文字，甚至也不需要数据库支持，这样的网站做起来会很快，也很简单，当然价格也低一些。而有的用户则要求网站功能相对复杂，既要求有新闻发布系统，又要求具备招聘系统，甚至还要求有新品发布功能、营销互动功能等，这样的网站可想而知，价格肯定低不了，无论让哪一家建站公司来做，都不可能很低。功能多了，就会耗费更多的时间去制作图片和编写代码，这些无疑都会推高做网站价格。</p><p>&nbsp; &nbsp; &nbsp; &nbsp;3、网站是否要求后期维护和优化</p><p>&nbsp; &nbsp; &nbsp; &nbsp;一般来说，做网站公司都能提供一条龙式的服务，从网站建设到网站优化，从网站维护到网站推广等等，都可以为用户提供服务。如果用户只简单地建一个网站，那么建站公司不太可能会提供给用户较为优惠的价格，而如果用户在网站建设完毕后还要求用户负责维护和优化，甚至还包括推广等服务，那么公司一般都会在做网站价格上给用户优惠一些，毕竟用户要求的服务比较多，多了价格自然就会便宜很多。有的用户还会租用网站建设够公司的网站空间，甚至让做网站公司全盘负责网站的运营，这样一来，建站公司甚至为用户免费建设网站都有可能了。</p><p><br/></p><p><img src="/ueditor/php/upload/image/20180308/1520505734140843.jpg" title="1520505734140843.jpg" alt="QQ截图20180308183900.jpg"/></p>', 1520505740, 'admin', 0, '/Uploads/2018-03-09/5aa207c5e9e37.jpg', 1, 33),
(22, 1, '西安网站制作公司哪家口碑最好？', '<p>西安网站制作公司哪家口碑最好？现在这方面的公司越来越多，现在很多人都会做网站，人们通过这种学习就可以独立建站，但是不同的人由于经验不同，建设网站的水平不同，所以现在很多人在建设网站的过程中，也并不会通过这种学习来建设网站，大多数的人都比较相信专业的公司，所以他们也在了解西安网站制作公司哪家口碑最好最优秀。</p><p>&nbsp; &nbsp; &nbsp; &nbsp;如今，很多人在建设网站的时候，都会选择西安腾诺信息技术有限公司，因为他们发现这个公司中的工作人员，技术水平很高，工作经验丰富，所以现在很多人都会选择让这家公司中的工作人员，帮助他们建设网站，不同的工作人员，建设网站的水平不同，正是因为这家公司的工作人员整体水平比较高，所以很多人都会选择这家西安网站制作公司。</p><p><br/></p><p><img src="/ueditor/php/upload/image/20180308/1520505827622411.jpg" title="1520505827622411.jpg" alt="QQ截图20180308183449.jpg"/></p>', 1520505833, 'admin', 0, '/Uploads/2018-03-08/5aa113fee8754.jpg', 1, 24),
(23, 3, '如何制作一个自己满意的网站', '<p>网站建设流程有哪些？主要包括网站域名、网站布局、制作建设、测试发布、维护推广。</p><p>你学习能力强的话，花点时间自己学一下做出网站应该是没问题。如嫌麻烦，为何不交给一些专业的建设团队呢？</p><p>&nbsp; &nbsp; &nbsp;&nbsp;</p><p>如何自建一个网站想在互联网展示自己，展示和营销自己的业务或产品，都需要先建一个网站，网站是网络营销时代最基础的配置，网页设计制作开发这七年以来的经验谈一下我们如何自己建设出一个网站？</p><p><br/></p><p>一、注册一个网站域名</p><p><br/></p><p>域名是互联网网络上的一个名字，在全世界，每一个域名都是唯一的。域名的形式是由.分隔成几部分组成，域名一旦被注册，除非注册人到期后不续费，其他人将不能再注册和申请同一个域名，因此为了保护自己域名资源，很多公司都已经根据自己业务需要注册了域名，可以到18互联网站直接去注册开通。</p><p><br/></p><p>二、购买网站空间</p><p><br/></p><p>网站空间是用来存放您的网站内容和程序文件，比如网页、图片、视频资料等等，主机根据支持的程序语言分为asp主机，php主机和net主机，不过现在没有区别这么明显了，很多主机都支持多种语言，根据线路又分类电信主机，网通主机和双线路主机，我们最好选择双线路主机，这样可以保证电信和网通用户都可以比较快速的访问。</p><p><br/></p><p>三、建网站</p><p><br/></p><p>有了网站域名就相当于有门牌号，有了空间就相当于有了房间，接下来最重要的就是建设网站，就等同于装修您的房间一样，在装修好后才能展示给用户看，如果自己会技术的话，那就可以自己建站。</p><p>可以借助目前市面上的一些常用的建站开源cms系统来做，比如学校，政府类型可以用pageadmin开源系统进行二次开发，做社区、论坛可以用discuz系统进行开发，做个人博客可以用wopress系统进行制作，如果你想把自己网站建得专业漂亮，花点时间学习设计，以及熟悉来源系统用法很有必要，这些系统学习不难，悟性高的话半个月就能学会一大半，当然更多需要自己实操。</p><p>如果自己开发网站觉得麻烦？或者没时间做这块咋办？也可以找人外包开发，完全不需要担心自己不会，其实花些钱就能解决的问题，毕竟专业的事情交给专业的人做更高，每个人术业有专攻，精力有限！</p><p><br/></p><p>而专业公司一般会有专门的设计师、前端工程师、后端程序员，分工很明细，流程相当完善，做出来的网站更符合用户，更专业精美，有利于搜索引擎优化，而且不用担心网站上线后续出问题，被人攻击等方面，可以重点把时间和精力放在网络营销推广方面，提升网络带来的公司业绩。</p><p><br/></p><p>四、发布网站</p><p><br/></p><p>网站在我们自己电脑建好后，我们需要发布出去给其他人访问，这个时候就需要把我们做好的网站程序所有文件通过ftp软件上传到购买的服务器空间上，再把域名做指向到网站空间，然后在网站空间的管理界面上绑定该域名，这样在浏览器地址栏输入域名时即可正确访问到您的网站了。</p><p><br/></p>', 1520506011, 'admin', 0, '/Uploads/2018-03-09/5aa209c926dcb.jpg', 1, 26),
(24, 1, '网站制作的过程容易忽略的问题与流程', '<p>网站制作流程是一个非常重要得问题，在网站建设中，流程中的一些细节与问题很容易就被忽略了，这些细节问题来源于哪里呢?下面小编为你介绍。</p><p>确定你需要一个什么样的网站，也就是说网站本身是用来做什么的。大概在问起这个问题的时候，多数需要建设网站的企业往往不知从哪些方面来回答，那么就要衡量企业的销售渠道等问题，对于企业经营的产品特点来进行衡量，观察行业同类的网站而进行分析，那么团队的讨论中，就能够找到企业的需求。</p><p>设置一个域名，域名这个过程中，初次建站的企业往往不知道这个域名意味着什么，其实域名本身对于网站作用是非常大的，在与品牌形象一致的时候，让消费者更加容易的记住，为企业的发展带来的支撑。</p><p><img src="/ueditor/php/upload/image/20180308/1520506086138433.jpg" title="1520506086138433.jpg" alt="QQ截图20180308184757.jpg"/></p><p>程序的开发一定要进行源代码的精简，避免冗杂代码影响网站的性能，另外要及时的发展网站的BUG，一定要合理的解决，避免影响用户的体验。</p><p>建设网站一定要为优化打好基础，因为有的企业为了省事都不会给你填写关键词，为什么那，按优化来说如果建设网站不为SEO考虑，你的网站就相当于没有咨询的网站，网站建设的在好网站的布局不合理，对于优化是一个困难的过程，</p><p>一个网站的制作，这些容易被忽略的问题，用户一定要引起重视，解决了这些问题，才能让网站发挥的作用更加强大。</p><p><br/></p>', 1520506091, 'admin', 0, '/Uploads/2018-03-09/5aa208f7aba95.jpeg', 1, 16),
(25, 1, '移动互联网时代手机网站的重要性', '<p>&nbsp; 现在移动端互联网营销已成为主角，越来越多企业重视移动端网络营销打造，建设营销型手机网站，但手机网站与PC端网站又有诸多的不同，为了能够满足移动端网络营销，必须针对移动端需求进行个性化手机网站建设，这要求要比PC端高很多，需要注意的问题更多，下面小编根据天梯建站的经验分享制作手机网站时要具备哪些重点？</p><p>手机网站打开速度要快</p><p>&nbsp; &nbsp; &nbsp; &nbsp; 手机网站基本都是靠数据流量，在国内数据流量比较贵，如果打开慢，那用户会直接关闭。打开速度除了跟空间有关，重要的还是手机网站本身，比如网站图片、网站文件、网站代码等等，都需要做好最佳优化，避免影响手机网站打开速度，不然损失的就是企业用户。</p><p>导航要清晰明了</p><p>&nbsp; &nbsp; &nbsp; &nbsp; 手机网站页面小，导航设置要更加清晰，内容不宜过多，导航上只留下重点内容即可，不然用户就没这耐心找来找去，必须要简化用户寻找产品或者服务的过程，简洁导航设置才会让用户的心情更加愉悦。</p><p>核心内容放在显眼的位置</p><p>　　用户进入网站就是解决自己需求，手机网站页面小，这个时候避免用户各种翻页，导致用户的不耐烦，把核心内容放在主要地方，能够让用户进入手机网站的第一时间就能找到自己的想要看的内容。</p><p>手机网站触屏效果</p><p>　　现在都是智能手机，用的是触屏，手指轻轻在屏幕上点击就轻松实现，导航、按钮等点击功能方面，一定要考虑符合手指大小，不然会点不中，想要看个内容却点击不中，保证下次用户就不会在光顾了。</p><p>页面设计排版简洁</p><p>　　用户访问手机网站，主要还是解决需求，页面不宜设计太炫酷，内容不宜过多，不然导致整个页面杂乱，用户看不到重点，找不到自己想要看到的内容，从而就会关闭网站。</p><p>手机网站少用图片</p><p>　　图片过多、太大，很容易影响到手机网站打开速度，本身手机网站打开速度比PC端会慢很多，还用大量图片，会消耗手机的流量，用户体验会非常差。</p><p>&nbsp; &nbsp; &nbsp; &nbsp; 总之，手机网站建设要求比PC端网站建设更为复杂，天梯快速建站系统专注PC，手机建站7年时间，有很多的手机网站建站经验可以与您分享。</p><p><br/></p>', 1520573780, 'admin', 0, '/Uploads/2018-03-09/5aa21d54a3cb2.jpg', 1, 20),
(26, 1, '手机网站优化推广技巧', '<p>现在移动SEO越来越成熟起来，尤其是这两年发展特别快，各大站长纷纷做起了手机端的网站SEO，但是我们不能够盲目去做，应该去了解一些技巧，那么，手机网站SEO优化技巧都有哪些呢？下面品创天下就来告诉大家。</p><p>一、url链接规范化<br/></p><p>①对于多个板块的二级域名或者目录来说，使用规范、简单的url，尽量去除与页面内容无关的参数，如用来区分手机型号、区分访问用户，方便统计等的参数。</p><p>②页面url链接跳转最好是正常格式的目标url，不要中间进行跳转。</p><p>二、网站尽可能简洁</p><p>①手机网站比PC端网站的页面下载速度要慢得多，因此尽量把页面数和页面大小控制到最低。</p><p>②因此由于是手机用户，用户浏览网页的时间是零碎的，不可能耐心点击很多的页面。因此，要尽可能精简移动网站设计。</p><p>③购买流程或者导购页面尽可能精简精简再精简，从消费者进入网站到购买尽可能提供最简单的步骤，直接摒弃那些冗余内容，为消费者呈现他们想要的。假如一个购买流程需要注册七八项，在购买时再填上七八项，那恐怕下次就不会有回头客了。</p><p>三、域名和robots设置</p><p>①域名尽可能简短易记，大部分手机版网站的域名是PC端网站的二级域名，当然这个也很好，与传统网站保持一致，更让重视用户信赖。但是如果是专门的手机网站，最好起一个简短容易记住的域名。</p><p>②robots 设置上最好不要任何限制，让所有搜索引擎抓取。另外小生在这里纠正一个很多站长想当然的误区，百度官方声明百度spider 的爬虫UA是Baiduspider(www 和wap 一致)，个别站长经常会误认为百度手机爬虫的UA是baiduspider-mobile，其实没这回事。</p><p>四、避免耗费用户流量</p><p>在移动互联网上，用户最关心的是自己手机的流量，如果你做一个网站，一打开就是视频、flash、弹窗，用户会感觉到可怕，你可能会认为用户不知情在你网站上耗费的流量，但如果有一个铁杆粉丝一直在关注你的网站，却因为你网站耗费流量过多，没到月底没流量了，你觉得这事儿是好事还是坏事。在技术层面来讲，Apple产品不支持Flash功能，很大一部分智能手机用户用不了这项功能，同样，很多智能手机也不支持Java，所以这只是两方面都是不讨好的做法。</p><p><br/></p>', 1520573859, 'admin', 0, '/Uploads/2018-03-09/5aa21da3aaf23.jpg', 1, 16),
(27, 3, '浅谈手机网站的SEO优化策略和要点', '<p>从15年开始移动端的流量已经占到整体流量的半壁江山，16年移动端已经全面超越PC端流量。很多推广人员都在纠结手机网站的SEO如何做，怎么样才能把手机网站的关键词优化到首页。其实PC端网站跟手机网站还是有很多互通。今天就重点说说手机网站的SEO优化策略，以及移动端站点优化过程中主要哪些细节问题。</p><p><br/></p><p>1、手机网站和PC网站做好移动适配</p><p><br/></p><p>今天我们讲的手机网站的优化，只是指手机网站在百度移动端做优化，首先就需要PC端和手机端做好适配。百度移动工程师说过，百度移动端会优先针对移动端站点进行排序，故而，单独做移动站点相比PC端站点更具有优势。&nbsp;</p><p><br/></p><p>企业就需要做好移动端适配，让用户在移动端访问网站的时候，自主跳转到手机网站。现在，百度站长站长平台已经开通移动端和PC端之间的适配。只需要按照百度站长提供的方法进行操作就可以。</p><p><br/></p><p>2、PC端和移动端之间TDK属性差别</p><p><br/></p><p>PC端网站展现出来的内容要远远多于手机网站展示的内容。因此，手机网站需要做到精准和简洁。手机网站的SEO优化就需要参考百度移动搜索规范来进行，而不是照搬PC端。</p><p><br/></p><p>移动端和PC端TDK的差别主要表现在字符上面。百度移动搜索结果页面中展现出的Title，若超过24个会被截断，建议最好不要超过17个中文汉字。</p><p><br/></p><p>3、网站链接结构</p><p><br/></p><p>对于手机网站来说，更加看重网站良好的链接结构。良好的链接结构，不仅包括网站导航和用户体验，而且要让客户便捷查看内容；还有就是让蜘蛛更容易进行抓取和爬行。</p><p><br/></p><p>所以在链接层次结构上面，建议链接层次不要超过2层结构。而且，网站链接URL应该使用简短的静态链接方式，有利于搜索引擎更有效的抓取和判断网页。</p><p><br/></p><p>4、多利用站长平台工具诊断网站问题</p><p><br/></p><p>目前，包括国内的百度、360、搜狗，以及国外的谷歌都免费提供站长平台。涉及到网站问题，站长平台都会诊断出网站问题所在。因此，我们就需要合理和充分利用站长工具进行网站诊断，这样来保证网站良好的优化效果。</p><p><br/></p><p>比如：移动适配，可直接提交适配关系，加快搜索引擎的识别和判断能力。</p><p><br/></p><p>5、URL链接301跳转</p><p><br/></p><p>百度已经严格说明，PC端301不适用于移动端，包括robots等这些屏蔽蜘蛛措施。因此，我们在移动端就需要做好URL链接301跳转和利用robots文件封禁spider抓取等。</p><p><br/></p><p>百度移动搜索适配不仅仅是做好URL链接的031跳转，同时也需要对其内容结构上的调整与布局，因为PC端内容布局和移动端内容布局上有所差异。</p><p><br/></p><p>以上就是今天要给大家普及的手机网站的SEO知识，基本上都是从网站结构本身出发。牛商网建设的营销型手机网站，从内部结构上就符合移动端的SEO优化特点；能够让企业赢在起跑线上，快速抢占移动流量入口。</p><p><br/></p>', 1520573916, 'admin', 0, '/Uploads/2018-03-09/5aa21faa555a9.jpg', 0, 28),
(28, 1, '移动端手机网站优化的SEO方法技巧', '<p>SEO相信不少朋友有所了解，随着移动互联网的不断发展，如今的SEO已经不再是仅仅优化关键词排名了，特别是各种移动设备的兴起，如何针对移动页面进行SEO优化成为电商人必须学习的课堂。也许你会说，PC端做的好好的，没必要针对移动端进行专门的优化，但事实却是移动端的流量已经超过了PC端的流量，忽视移动端的流量就是被竞争对手快速甩在后面。</p><p><br/></p><p>一、区别于PC端的优化策略</p><p>用户通过移动设备输入关键词搜索与通过PC端设备搜索有很大的区别，会使用更短的尾短语，更加倾向于依赖百度自动填充来完成搜索。所以，当我们在优化网站的meta标签和表述的时候，优化这些短语也会非常重要。将手机网站的首页或者频道首页的网页代码中的keywords、description最好加上与PC端有所区别的meta标签和关键词。PC端的站点百度明确给出关键词跟描述标签对优化起不到任何效果，但手机端的关键词和描述标签是对手机站点有效果的，所以百度移动搜索也给出了建议，最好要把三大标签做好优化。&nbsp;</p><p>二、网站尽可能设计简洁</p><p>虽然4G网络的快速普及，移动端网站比PC端网站的页面下载速度还是要慢，因此，尽量把页面数和页面大小控制到最低。 移用动端户浏览网页的时间是零碎的，不可能耐心点击很多的页面，所要要尽可能精简移动网站设计。</p><p>三、清晰的结构和明晰的导航</p><p>手机网站也应该有明晰的导航，分为三个层次：首页、频道页、内容页，每个页面应该有指向上级、下级以及相关内容的链接，合理的扁平树形结构。主导航不要堆砌关键词，最好能够帮助用户和搜索引擎方便定位当前网页在网站中的位置。&nbsp;</p><p>四、移动站点避免只是缩小比例</p><p>移动站点最好是重新配置网站，很多高流量网站以及一些以提供最好用户体验为标准的网站都有为移动端创建专门的页面。&nbsp;</p><p>五、手机网站适配问题</p><p>在进行移动端网面设计时，合适的DOCTYPE声明有助于搜索引擎识别该页面是否适合手机浏览。手机网站适配还必须实现图片的自动缩放。通过CSS代码： img {max-width: 100%;} 这行代码对于大多数嵌入网页的视频也有效，所以可以写成： img, object {max-width: 100%;} ，windows平台缩放图片时，可能出现图像失真现象。可以尝试使用IE的专有命令： img { -ms-interpolation-mode: bicubic; } 或者： Ethan Marcotte的imgSizer.js。 addLoadEvent(function() {var imgs = document.getElementById(“content”).getElementsByTagName(“img”); imgSizer.collate(imgs); }); 最好还是做适配分辨率的图片，有很多方法可以做到同样效果，服务器端和客户端都可以实现。&nbsp;</p><p>六、网站元素尺寸大小及强制下载</p><p>由于移动设备基本都是触屏，网站开发者可以考虑垂直菜单，这样当用户决定点击那个链接的时候可以很容易掌控。</p><p>七、要设置点击拨号的功能</p><p>让用户通过移动站点能够更直接给客服人员打电话，每一个移动体验好的网页都应该包含这样一个功能：点击数字拨打电话。采用url链接的方式，实现在safari ios，android 浏览器，webos 浏览器，塞班浏览器，ie，operamini等主流浏览器，进行拨打电话功能。</p><p>八、做好移动版与PC版网站的转换</p><p>确保在手机网站或者PC端网站各个页面上有相应的导航或者提示链接，让用户可以在手机版和PC版进行切换，也便于搜索引擎更好的收录。</p><p>九、做好浏览器兼容调试工作</p><p>目前手机建站有xhtml、html5、wml三种协议，最好使用规范化、标准化的协议格式，避免造成不必要的麻烦。</p><p>十、同PC端网站相同的SEO优化技巧</p><p>对于移动端的SEO优化，大部分优化要点与传统PC端网站优化一致，比如：网站结构要用合理的树形结构，最好采用树形和扁平相结合；清晰的面包屑导航，方便搜索引擎爬行抓取和用户体验；title写法要尽量包含关键字，首页、频道页、内容页写法要有所侧重。</p><p><br/></p>', 1520573987, 'admin', 0, '/Uploads/2018-03-09/5aa21f9fd801d.jpg', 0, 23),
(29, 1, '手机网站制作必须要知道的5件事情', '<p>随着互联网环境改变、网络终端以及用户阅读习惯的改变，原有的PC端网络营销，已经不能满足当前消费者的需要。大家都知道，现在基本人手一部手机，无论是工作、娱乐、购物都是手机解决。移动端用户数远远超过了PC端用户数，所以企业非常有必要进行手机网站制作，打造完善的移动端网络营销体系，帮助企业挖掘更多移动端潜在客户。</p><p>　　想做出一个优质的手机网站并没有那么简单，需要考虑多方面的因素。虽然有专业的网络公司可以解决，但是企业一定要懂得手机网站制作的重点，那就是用户需求。下面深度网小编就与大家谈谈手机网站制作要素。</p><p><br/></p><p>手机网站制作需要知道的五件事情</p><p>　　1、手机网站打开速度要快</p><p>　　手机网站打开太慢，既耗费流量，又影响用户体验。手机网站半天都打不开，用户第一反应就是关闭手机网站，做的再好的手机网站，用户也无法欣赏。影响手机网站打开速度因素有两个，一个是手机网站空间，另一个是手机网站程序;许多企业很不重视手机空间，结果手机网站打开慢或者打不开，有时候因为浏览人数太多，也会导致手机网站瘫痪，这对于企业来说得不偿失。</p><p>　　2、用户浏览与操作习惯</p><p>　　现在手机都是智能手机，并且都是触屏，浏览手机网站都是上下滑动的方式。在手机网站制作过程中，一定要遵循用户的浏览与操作习惯。比如：字号要合适、导航要简洁、按钮大小合适、要有返回主页以及上一级、自动保存未完成信息、要有搜索功能便于查询等等，一定要满足用户所需求，这样才能提高用户粘度。</p><p>　　3、简化文字板块输入</p><p>　　智能手机都是触屏的，没有按键功能，打字没有那么方便，所以在手机网站制作过程，一定要注意这些板块。比如会员注册流程、用户登录、提交留言等等，越简单越好，帮助用户节省时间。文字输入框一定要大，方便触屏操作。</p><p>　　4、手机网站内容要简化</p><p>　　手机网站内容不需要PC端那么复杂，手机网站屏幕有限，内容一定要精简，充分的体现出核心内容，比如企业优势、核心竞争力等，产品不易太多，挑选企业核心产品和最具代表性的产品，能够用文字的，少用图片，以免影响网站页面加载速度。</p><p>　　5、产品页面展示要精细</p><p>　　用户进入网站，最终是要选择产品，产品详情页的产品属性、优势、性能、卖点等一定要清晰明了，让用户一目了然。只有让用户充分的了解产品，了解产品的价值，这样才越有购买的欲望，进而达到成交目的。切勿只是摆放几张产品图片，这样用户很难了解你企业产品的卖点。</p><p>　　总结，手机网站不需要追求炫酷，能把用户需要的展现出来，清晰、明了就可以，太花哨了，用户找不到重点，影响手机网站转化率。还没有手机网站企业要注意了，现在移动端互联网发展这么快，不然会被时代所遗弃，一步赶不上，步步赶不上，被同行业抢占了先机，意味你企业将会丧失更多的市场。</p><p><br/></p>', 1520574070, 'admin', 0, '/Uploads/2018-03-09/5aa21f9393d1c.jpg', 0, 14),
(30, 3, '手机网站制作对企业有哪些帮助?', '<p>最近几年手机的发展势头非常之迅猛,随时随地都给我们提供娱乐的信息。随着手机数据功能的丰富和的下降,WAP业务的普及门槛逐步降低。很多人怀疑手机网站制作的重要性,称通过UC可以实现直接转换,但如果真的不需要,淘宝为什么做呢新浪为什么做呢腾讯又为什么做手机网站呢？</p><p><br/></p><p>第一、制作手机网站,已是大众趋势所需你知道现在的手机网民有多少吗截至2012年6月底,我国手机网民规模达到3.88亿,手机上网比例则增长至72.2%,已超过台式电脑。越来越多的人选择使用手机上网,没有手机网站的支持,就意味着被淘汰。</p><p>第二、手机网站比传统网站在手机上的显示效果更佳手机网站和传统网站在手机上显示的效果一样吗由于计算机和手机显示器的分辨率、尺寸各不相同,故传统网站在手机上显示往往达不到应有的效果。排版不整齐、错位、变形,甚至出现乱码。这大大的影响了企业形象,降低合作伙伴对企业的好感度和信任度,进而直接降低合作率和业务量。这对企业的伤害是致命的。而我们自主设计的手机网站,简洁明了、页面整齐,导航栏清晰、各个板块一目了然、方便浏览,在手机上的显示效果极佳。</p><p>第三、手机网站较传统网站的数据量小传统网站的数据量十分巨大,但是手机网站较传统网站的数据量小,具有目的性强的特点∩以针对最重要的信息、资源进行添加,达到快速访问的效果。</p><p>第四、可以在各个软件市场上免费推广制作手机网站,就会多了一条广告途径,可以在各个软件市场上免费推广。例如机锋市场、安卓市场、魅族市场。这样,所有的手机软件的应用用户,都成为我们的潜在。</p><p>第五、手机网站可用二维码访问你觉不觉得在手机上网输入网址、文件下载都比较麻烦,而扫描二维码可直接登陆你的网站或手机站,避免重复输入网址,对手机用户来说是非常新颖和方便的。</p><p>第六、手机网站更利于企业业务的推广静态手机端在无网络支持的环境下也可以正常使用。相当于企业的电子名片,不止是企业形象的体现,更方便了销售人员的,帮助其提高效率。销售人员无需再带那种过时、不环保、且被大部分人所反感的传单,取而代之的是具有新颖、高科技、环保的等特点的手机端,更容易吸引到、被所接受。无论何时何地,销售人员只要有智能机,就能推展业务!从另一方面来说,也降低了企业大批量制作传单的成本。</p><p>另外,需要特别指出的是,价值才是根本,是良好用户体验的保障,习惯于用手机上网的人越来越多,下载和铃声、浏览新闻和玩游戏就像以前发短信一样平常且简单。如此众多的手机用户所带来的巨大商机是不言而喻的。另一方面,即将到来的3G网络的高速无线数据通道为手机电视、手机互动游戏等大流量的应用提供了可能,互联网能够提供的服务在手机上同样可以实现,这又为手机上网注入了催化剂,更让手机网站的制作成为了一种趋势。</p><p><br/></p>', 1520574125, 'admin', 0, '/Uploads/2018-03-09/5aa21f7e69db9.jpg', 0, 20),
(31, 3, '手机网站设计要素必须要吃透', '<p>相对于pc网站来说，移动网站虽然在页面布局上相对简单点，但其功能却要比pc网站完善和强大很多。所以，作为一名专业的网站设计师，在进行移动网站页面设计时，更加需要注意各功能之间的配合。载攸道移动端网站设计带大家了解下移动网站页面设计时需要注意的设计要素。</p><p><br/></p><p><br/></p><p>1、简短、聚集</p><p><br/></p><p>　　无论何时都不能期望用户在使用应用之前乐于阅读说明性质的内容。人们打开应用不是为了花时间学习怎样使用UI，而是为了在最短的时间内以最小的成本解决他们手头的问题。其实这也是个悖论，因为一旦学会更有效率的使用UI，用户倒是可以为自己节省更多的时间。我们都知道，Web用户不愿阅读文字的习惯是出了名的，而移动用户在这方面则有过之而无不及，因为在移动情境中，人机会话时间更加有限，注意力更容易分散。</p><p><br/></p><p>　　2、避免一连串的提示</p><p><br/></p><p>　　有些时候，一个界面里会有多个功能点需要被讲解。然而通过一次一个的方式接二连三的蹦出浮层进行说明，则会使用户更加不耐烦的关掉这些说明，而不管它们是不是真的有用。接连不断的展示引导信息不仅会产生短期记忆方面的问题，而且会让新用户觉得你的应用过于复杂，望而生畏。记住，在实际当中，这样的初体验足以使他们关掉你的应用，然后去寻找其他的替换方案。</p><p><br/></p><p>　　3、尽量使用图形元素</p><p><br/></p><p>　　使用图文并茂的形式，而不只是干巴巴的文字，这将能使用户在最短的时间里对信息产生大致的了解。</p><p><br/></p><p>　　对于前面提到的多步骤说明，可以尝试将每一步内容浓缩为“恰当的图形元素+简短的文字”，并整合到一个展示层面上;这种方式即有利于用户阅读，也可以使多步骤的流程更直观、易懂、易记忆。</p><p><br/></p><p>　　4、不要和实际界面混淆</p><p><br/></p><p>　　必须使引导提示在外观上与实际界面元素有着明确的区分，否则引导提示就是在干扰实际界面，用户也会迷茫，甚至会把教学内容当做功能界面，试着与其交互。</p><p><br/></p><p>　　当我们把移动端每一个页面设计元素掌握好，我们设计出来的移动端网站才会更有实际效果。很多时候，专业的设计未必能做好细节用户体验，建议大家这方面要多了解，毕竟成功的网站设计不是一蹴而就的!</p><p><br/></p>', 1520574170, 'admin', 0, '/Uploads/2018-03-09/5aa21f70179a7.jpg', 0, 33),
(32, 3, '小程序开发成本过高原因何在呢？', '<p>微信小程序一经推出就十分火爆，市面上的小程序开发公司也应运而生，价格也是参差不齐，有几千块的，也有上万块的，还有人说300块就能做一个小程序了。江西国搜科技有限公司觉得这真的是子虚乌有，根据了解目前第三方开发公司主要分为两种：</p><p><br/></p><p>1 &nbsp;小程序在线模板制作平台</p><p><br/></p><p>这类型的公司，具有一定的技术或者只是提供一个固有的技术交流平台。让有技术的人员对小程序进行模板开发。</p><p><br/></p><p>公司通过SAAS技术和小程序逻辑相结合，在网络平台上发布各种行业模板，或者提供自由上传渠道，让企业/个人只需打字传图、简单拖拽，就可在几分钟内搭建一个小程序，无需自己写代码和找外包。</p><p><br/></p><p>咋看之下这样的开发经营模式对用户非常便利，可以自行DIY制作小程序。这些模板化的小程序基本都是拼凑成一个没有单独后台的小程序前端页面，看上去和一般正常独立的小程序无异，这些平台也会给客户一个账号，自己能登录，上传些产品图片。实际上，用户在自作好小程序之后，每年仍需要交5000元左右的服务器维护管理费用。而且这些小程序都是使用的同一个后台，不能进行个性化定制开发、不能升级换代，出现BUG没有专门的技术人员进行维护修正。更致命的是，小程序数据不能迁移。</p><p><br/></p><p>2 &nbsp;小程序定制开发第三方服务商</p><p><br/></p><p>这类公司主要是根据客户需求，设计定制一个完整、独一无二、有单独后台、永久使用权的小程序，价格根据客户的功能需求以及UI设计，后台管理等等，在2W-10W不等。</p><p><br/></p><p>这类型的公司利用已有的技术优势，迅速接入小程序技术，为企业/个人提供小程序定制开发服务，比如江西国搜科技有限公司就是这样的第三方服务商。此外，还可衍生出招商加盟业务，为不懂技术的代理商提供技术支持。</p><p><br/></p><p>而对于300元就能开发小程序的公司，江西国搜目前是没有发现的，在这里，江西国搜需要提醒大家的是，300元，只是微信小程序的认证费用。是直接汇到微信平台的，而只用300元“开发”的小程序其实只是一个简单的页面，仅仅显示一些基础的信息，比如电话、地址、图片。没有任何附加功能。</p><p>而收费几千上万的小程序，一般都是根据企业具体需求进行定制的小程序。包含小程序申请、小程序项目前提沟通、需求评估、UI规划、功能规划、视觉设计、前端制作、技术开发、产品测试、完成交付等多个环节。</p><p><br/></p><p>对于需求特殊的企业，还会提供小程序定位系统、小程序导航系统、小程序信息交互系统、小程序营销工具附加、小程序运维管理服务等等。通过利用技术为小程序赋予了各项能力，让小程序能有媲美APP的体验，适用多种适用场景，解决用户需求。如此多的开发服务，单凭300元是无轮如何都不可能“开发”完成的。</p><p><br/></p>', 1520609546, 'admin', 0, NULL, 1, 48),
(33, 3, '小程序开发为什么说是大势所趋呢？', '<p>很多商户都想要在小程序蓝海中领跑，但是做一个小程序到底要花多少钱，却是众说纷纭。我们来系统地算笔经济账，明确成本，才能更好地衡量这个新兴的移动互联网领域是否值得商户投入。开发阶段的小程序，已经拥有腾讯给予的基本制作框架，开发过程比起原生APP更为快速简单。<span style="margin: 0px; padding: 0px; max-width: 100%; box-sizing: border-box; word-wrap: break-word !important; display: block; border-width: 0px; border-style: initial; border-color: initial; -webkit-tap-highlight-color: transparent; font-weight: 700; font-size: 16px;"><span style="color: rgb(64, 64, 64); font-family: &quot;Microsoft Yahei&quot;; font-size: 18px; text-align: justify; text-indent: 36px; background-color: rgb(255, 255, 255);"><br/></span></span><span style="color: rgb(64, 64, 64); font-family: &quot;Microsoft Yahei&quot;; font-size: 18px; text-align: justify; text-indent: 36px; background-color: rgb(255, 255, 255);"></span>1、强大的流量入口</p><p>作为移动互联网快速发展的时代。我国现今拥有最大移动端流量池的应用非微信莫属，其日活跃用户9.8亿。</p><p>所谓流量在哪里，市场就在哪里，企业和客户自然就都会去到哪里。由于微信日活量的庞大，其搜索流量必然是有巨大的想象空间和可操作空间的。而小程序正是可以满足各种应用场景，适用于行业企业、人们生活的各方各面的轻量级应用工具。<br/></p><p>借助微信强大的流量池，利用小程序变为企业的流量入口。大量的吸纳流量，自然能为企业带来更多的丰收捷报。</p><p>2、符合时代需求的应用</p><p>在传统的PC端互联网时代，网站是所有企业的必备。而在早前的移动端互联网时代，app是企业最自然的升级延伸。但是由于app高昂的开发成本、复杂的访问路径，昂贵的推广费用，让大多数企业对app的应用避之不及。</p><p>而小程序的诞生，以接近原生态app的体验、无需下载安装，访问后自动留存记录等等便捷利民的特性，将企业的品牌和产品交易，通过微信，推向广大的消费者。而这一轻便快捷的应用体验正是如今这个时代人们对高质量、高效化、便捷化的需求体验。<br/></p><p>3、低成本获得大曝光</p><p>相比起制作复杂繁琐的原生APP，相比起制作开发后定期的升级维护，相比起上线后各种宣传推广，相比起后期各种的使用留存问题。小程序相对成本低得太多了。</p><p>开发阶段的小程序，已经拥有腾讯给予的基本制作框架，开发过程比起原生APP更为快速简单。而对于高昂的宣传推广，让用户下载安装这个环节，微信小程序更是直接打趴对手，在微信生态环境内，根本不需要下载安装，直接扫码识别，或者搜索关键词，甚至是走到商铺定位范围5公里内，就能被获取到。非常简便，而且完全免费。<br/></p><p>用户的留存问题一直是企业关心的要点。很多低频的APP在用户使用过一次两次后，就会遭到被卸载的惨痛。而小程序不占用手机内存，无需卸载，而且每次使用完都会自动保存在用户的使用列表，留存在用户的搜索栏目优先排名上。大大降低了企业在APP上为用户留存问题而花费的人力物力。</p><p>微信小程序不断的更新的能力，增加新的入口。无不让企业产品触达产品成本更低，提高服务效率。让企业花费更低的成本就能获得更大的曝光。</p><p>4、 圈田画地，自建流量池</p><p>电子商务是这个时代最为瞩目的发展行业，越来越多的人跳进这个红海里打算捞上一笔。但是也有越来越多的行内人士表示，生存艰难。</p><p>传统电商平台，如淘宝、美团等平台，主要盈利模式是入驻费用、广告费用、抽成费用等，电商企业的生存命脉完全把握在平台的名气，声望上，而其所为企业带来的流量也正在慢慢的变少。<br/></p><p>而小程序基于微信10亿的用户，去中心化的存在。因为每个小程序都是相互独立的，每个用户属于企业自己的。小程序所吸引的流量全部都是属于企业自己的。企业拥有属于自己的流量池，从而使企业可以为用户单独提供服务、关系维护，实现口碑营销、积累忠实粉丝。</p><p>5、互相跳转，重塑营销矩阵</p><p>小程序推出相互跳转功能后，小程序与企业直接从单一的品牌展示，商品销售端口，一下子变成了庞大的营销矩阵。为什么这么说？</p><p>在小程序推出之前，微信商城都是通过服务号+H5的形式实现的，这种商业模式并没有引爆微信电商，首先用户的使用体验不好，其次在于功能单一，服务群体有限。</p><p>而<a href="http://www.west518.cn" target="_self"><strong>西安微信小程序</strong></a>是以上问题完美解决方案。小程序推出以后，企业可以利用一个公众号同时关联多个不同的微信小程序。并且将自己的企业产品线，企业服务功能分类分组的进行开发不同的小程序。并通过制定统一审核标准，把线下所有场景化运用进来。利用小程序能够相互跳转的能力，建立了一套完整的线下场景化运用的解决方案，将用户进行统一企业主体，不同产品服务之间的商户引导销售，从而将重构整个移动互联网端的营销生态。</p><p>6、大势所趋，不可逆转</p><p>反观近几年的互联网发展历程，用户的消费使用习惯。用户从PC到APP，后来又从APP发展到微信公众号，其实大部分用户都是同一拨人。</p><p>那么这一拨用户为什么能如此的“喜新厌旧”呢？其实是因为这拨用户是最能接受新事物，并且利用新事物进行增值和发展的人。所以他们花费的时间和精力会随着时代的变迁，不断的更替。在过去的传统互联网时代，花费大把的时间和空间在PC前；后来通过手机获取信息和服务，解放了人们的空间限制；现在又从手机集中转移到通过微信来获取所需，配合了时代发展人们的社交需求。</p><p>其实善于捕捉时代风口的企业明白：用户的注意力在哪里，哪里就有新生的市场。微信作为一个月活超过十亿的超级APP，小程序必然会取得巨大发展。<br/></p><p>当下，小程序正在不断的获得新赋能，新成长。只会不断向前走，不会再回到APP。就如现在我们不会回到PC时代，不会再从订阅号回到APP去获取内容是一样的道理，时代总是在往前走。而小程序的开发和发展正是大势所趋，不可逆转。</p><p><br/></p>', 1520609758, 'admin', 0, NULL, 1, 27),
(36, 3, '网站推广常用的几种方法', '<p>企业网站建好之后天天写文章、更新文章甚至到处去发外链，但是网站访问流量依旧没有增加，时间一长相信人们都会有想放弃的想法。国联全网专家表示，网站上线之后也是需要做营销推广的，这样才能让别人认识你。下面，国联全网专家为大家总结了一些网站营销推广的方法。</p><p><br/></p><p><br/></p><p><br/></p><p>第一，搜索引擎优化。当前，搜索引擎算法在不断完善和更新，搜索引擎不再像以前那样发发外链那么简单，搜索引擎的优化要有发展方向简单策划，网站方案的整体布局后期的维护，站内站外的优化网站栏目的具体规划，用户体验的数据分析等等。</p><p><br/></p><p>第二，网站引流。网站高质量外链要丰富，一般而言，目标用户都是根据自己的需要去寻找自己想到的东西的，那么企业推广的网站刚好要满足用户的需求，所以要在各大型网站进行有效率的发链接</p><p><br/></p><p>第三，论坛推广。到高质量的博客、论坛发外链解决用户的需求，帮助一些想学习的人找到合适的答案，时间长了一定会有许多人通过链接跳转到你的网站，为你带来流量。</p><p><br/></p><p>第四，软文营销。网站营销推广最主要的目的是营销手段，但不能显得太过张扬。这个时候可以运用一下软文营销，如果发一些利于他人的东西，不仅可以带来高质量的外链和流量，还可以增加网站的信任度。</p><p><br/></p>', 1520673494, 'admin', 0, NULL, 1, 43);
INSERT INTO `think_news` (`id`, `category`, `title`, `content`, `time`, `author`, `is_delete`, `imgPath`, `tuijian`, `liulan`) VALUES
(37, 3, '网站推广常见的问题', '<p>随着网络的普及，越来越多的人开始加入“网民”一族，而且越来越多的企业将互联网当作销售的重要渠道，那么网站推广对于企业而言都有那些重要作用?网站推广可以为企业带来哪些好处呢?<br/></p><p><br/></p><p>　一、帮助企业吸引更多新的客户</p><p>　　在今天，企业想要在互联网中有更好的发展，不能完全依靠于老客户，必须要增加一定的新客户，没有新客户的企业是无法长久发展生存的，通常情况下，一个好的网站能够有效的帮助企业在众多同行中脱颖而出，成为其中的佼佼者，留住老客户，吸引更多的新客户，当然前提是你必须要为自己的企业建立一个成功的网站，如果企业连专属于自身的网站都没有，怎么利用网站推广吸引新客户。</p><p><br/></p><p>　　二、缩短了媒体投放周期</p><p>　　一般情况下，用户在传统媒体进行市场推广需要经过市场开发期、市场巩固期和市场维持期三个阶段，这三个阶段每一个阶段的开展都需要企业投入大量的时间，而互联网将这三个阶段合并在一次信息发布中实现：消费者看到网络宣传，点击后获得详细信息，并填写用户资料或直接参与用户的市场活动，大大降低了媒体投放的周期。</p><p><br/></p><p>　　三、提高企业的知名度</p><p>　　在互联网的今天，虽说提升企业知名度的方式有很多，但是其中最有效最直接的方式还是网站推广，它能够帮助企业更好的提升知名度，让更多的人了解到企业的发展和前景，但是想要你的企业网站被众人熟知其实并不容易，而这就需要专业的推广团队，采用合理的推广方式，从而帮助企业更好的运行网站。</p><p><br/></p><p>　　四、锁住现有的客户</p><p>　　众所周知，在网站推广的过程中，好的推广方式能够帮助企业提升对客户的服务效率，可以随时回答大多数客户经常向您提出的问题，可以帮助与老客户建立及时联系，实现稳定的沟通交流以及长期合作，从而增加客户对企业的粘性，帮助企业更有效的锁住原有客户。</p><p><br/></p><p>　　五、价格优势</p><p>　　相信很多的人都知道，报纸或电视的推广费用相对的都比较的昂贵，而网站推广几乎不需要任何的费用，并且同样可以获得报纸或电视推广的效果，甚至会比其效果更好，并且在不久的将来，网站推广将成为企业市场推广必不可少的高效途径。</p><p><br/></p><p>　　六、延长营业时间</p><p>　　营业的时间越久，业务量自然会不断地增加，利润也会随之而来。企业网站能够为企业24小时不断地服务，且不会出现迟到，早退或请假的情况，让用户随时随时都可以了解到企业和旗下产品与服务，为企业赢得更多的获取利润的机会。</p><p><br/></p><p>　　总之，依据目前互联网的发展形式不难看出，人们的生活已经与互联网息息相关，企业的发展也将与网站有着密切的联系，网络也将像电视，广播媒体一样为人们服务，甚至他的广域性，互动性会给企业带来更多的商机。当然，对于现在没有人手做推广的企业，也可以找寻专业的网站托管公司来合作，再为您提供专业的运营推广同时，不仅能够减少您的费用成本，更能为您带来好的效果。</p><p><br/></p>', 1520673616, 'admin', 0, NULL, 1, 52),
(38, 3, '网站推广运营应该从这里做起', '<p>网站想要在互联网中立足，不被淹没在信海量的信息中，初期的运营优化工作非常重要了。特别是新建设好的网站，刚上线，还在考核期，不能只顾着更新网站内容，还需要做一些seo优化工作的。不过要注意优化技巧，切忌过度优化，那么网站推广运营应该从哪方面做起呢？</p><p><br/></p><p>1.定期更新网站</p><p><br/></p><p>不要只顾着建设网站，而不重视网站的维护和更新。想要运营好网站，就需要定期更新，不仅仅是内容的更新，还包括产品、友情链接等更新。要让用户和搜索引擎都知道你的网站是有人运营的，而不是一个无人管的”死“网站。</p><p><br/></p><p>2.合理布置关键词</p><p><br/></p><p>每个网页的关键词都不是凭空想象出来的，要保证关键词的准确性，每个网页的关键词和网站的基本信息要准确一致。还有关键词出现的频率不宜过高，切勿堆砌关键词，密度要控好，一般维持在3%-8%，绝对不能超过10%。</p><p><br/></p><p>3.内外链的建设</p><p><br/></p><p>一个网站绝对不能忽视内外链的建设，没有内外链的建设，网站是孤立的，是无法运营下去的。网站的内链建设是体现网站自身互联的手段，保证了首页和内页之间的高度联系；外链建设是优化的重要部分，能够在短时间内提升网站的收录和排名。相信每个企业花费金钱时间去建设一个网站出来，都不想让它就这样沉沦在海量的信息中，当一个只有自家欣赏的花瓶。网站只有做好优化推广工作，运营这个网站才会有显著的成果。</p><p><br/></p>', 1520673694, 'admin', 0, NULL, 1, 37),
(39, 3, '网站制作不好的原因有哪些', '<p>对企业来说，网站就是脸面。在网络中，网站又非常重要的，是消费者访问，达到的地方，能满足消费者的需求。但是，在网站制作中常常会存在很多问题，会影响到网站的运营。下面，西安网站制作小编分析一下，网站制作不好的原因。</p><p>　　网站制作不好的首要因素：</p><p>　　第一、内容乏味</p><p>　　网站的内容未必不充实，可有太枯燥乏味了。过去来做网站，站长总是会来强调网站不可以做成空壳子，必须要充实一些。无论好坏，有用或没用，相关或不相关都堆到网站上。这样的网站很充实但也没能起到原来理想的效果，反倒更枯燥乏味。</p><p>　　第二、不能来忽略网站兼容性</p><p>　　网站的兼容性问题是非常重要的，许多企业只关注网站在其中一种浏览器的显示效果，往往会忽略掉其他浏览器的兼容效果，因此，这样很可能就会失去一部分访问者的。</p><p>　 &nbsp; 第三、少用或不用flash功能</p><p>　　对于这个，大家应很熟悉，它就是视频。大家都明白：如在网站上堆积太多的视频，是会影响到网页的打开速度的，最终也会流失掉一部分的网友。</p><p>　　最后，<a href="http:www.west518.cn" target="_self"><strong>西安网站制作</strong></a>小编在提醒各位企业，想把网站做好的话，必须要避免上述问题，<a href="http:www.west518.cn" target="_self"><strong>西安网站建设</strong></a>时要满足用户体验度，这样才能带来用户。如果您还上述之前的思维模式，不仅会带来很多麻烦，网站建设也是白搭，只是一种摆设，根本无法起到运营推广的目的。</p><p><img src="/ueditor/php/upload/image/20180311/1520740437130351.jpg" title="1520740437130351.jpg" alt="360截图20180311115848377.jpg"/></p>', 1520740465, 'admin', 0, '/Uploads/2018-03-11/5aa4a88e64d9d.jpg', 1, 75),
(40, 1, '高端网站制作的流程步骤 缺一不可', '<p>一个优秀的经典网站从策划到执行完成不是一件简单的工作，对于很多外行用户来说，把网站建设想象的太过简单。今天西安网站建设公司腾诺网络给大家分享一下高端网站制作的流程步骤，以供大家参考。</p><p>第一步：明确网站的定位。我们要明确自己网站的定位，清楚公司的产品优势以及访问的目标群体。这是我们首先要做分析的，只有根据自己公司的实际情况，来制作网站的风格定位。众所周知，网站风格分营销型网站、品牌型网站、电商网站、平台网站等，关于我们的类型我下次可以给大家具体讲解。档你明确了自己网站的定位后，开始收集相关的网站案例，作为下一步工作的参考。</p><p>　　第二步：制作网页原型图。这是一个费脑活，目前大多数人都是采用Axure的软件制作，画原型图需要参考很多网站风格，通过不断的借鉴，才能总结自己的网站风格。目前设计流行的元素是采用图标配文字，界面扁平化，尺寸做成宽屏风格。在制作原型图的过程中，我们需要看很多的网站风格，如果你是要做外贸网站，那么你需要寻找很多国外大牌的网站，看一下他们的网站风格，才能很好的找到那种思维感觉。国内的网站相对来说还是比较保守一些，尽管也是扁平化设计，但是从布局上大多数网站是异曲同工。</p><p>　　第三步：上色/UI界面设计。当原型图做好以后，可以开始交给设计师做UI设计，设计师会根据原型图的布局进行上色设计，但是不局限于原型图，优秀的设计师不会按部就班执行，会根据自己的经验适度做一些细节布局上的更改，此举的目的是为了提高界面美观和用户体验度。</p><p>　　第四步：DIV+CSS切图/排版。当设计工作完成后，要开始做切图，如果网站只是PC站，切图只要做一套样式，如果是响应式网站开发，切图就需要做三套样式，分别为PC端、平板、手机端。响应式网站会根据不同分辨率和屏幕大小自动适应，以达到最好的体验效果，但是在这里我需要补充一句，不是所有的网站都适合做成响应式，因站而异，具体原因下一步文章在分享。</p><p>　　第五步：程序开发。切图完成后，就进入程序开发阶段，程序开发就是做后台管理，让网站后期能有一个管理后台来更新前端的资料内容，目前开发网站的开发语言比较流行的有两种：一是PHP语言，二是.net语言。</p><p>　　第六步：网站Bug测试和资料填充。程序开发出来后，交给专职客服来测试Bug，边填充资料边测试页面效果，刚开发出来的网站都会存在Bug漏洞，因为是纯手工制作的项目，靠键盘一个一个字母敲出来的代码，有Bug实属正常现象，所以就需要客服进行测试，测试出来的问题点整理文档形式交给程序员进行修复。</p><p>　　以上六个步骤是<a href="http:www.west518.cn" target="_self">西安网站制作</a>的完整流程，对于专业的<a href="http:www.west518.cn" target="_self">西安网站建设公司</a>来说，缺一不可，因为每个环节都很重要。</p><p><br/></p>', 1520740749, 'admin', 0, '/Uploads/2018-03-11/5aa4a98d91e98.png', 1, 47),
(41, 1, '西安手机网站制作流程详解', '<p><a href="http:www.west518.cn" target="_self">西安手机网站制作</a>流程详解，作为移动端的手机网站，越来越受人们重视，在实际的应用中，手机网站有的时候受众远远超过 端脑段网站的访问量了，其实最为主要的原因就是移动设备手机在我们的日常生活中成为不可或缺的主要工具了，所以手机网站自然而然就成为人们主要的信息采集，通讯支付等为一体的综合性工具了。</p><p>其实在制作手机网站也没有你想象的那么复杂，就跟我们普通的电脑网站制作的流程很相似，前期就是客户需求的收集和分析，根据客户的需求制作出客户满意的手机网站才是王道，接下来我们来看看西安网站建设专家是怎么说的。</p><p>手机网站制作与WEB网站制作一样,需要从策划,草图,制作,等几方面来做手机网站.客户把手机网站制作需求单写好、首页样版设计风格确认、手机网站制作内容规划、业务流程根据wap网站的整体情况来规划.手机网站制作流程可从以下几点来做：</p><p><br/></p><p>1、分析建wap网站目的（建站要求），建立wap网站架构，时间允许的话编写具体的《wap网站建设方案》；</p><p><br/></p><p>2、根据架构（或者《网站建设方案》）完成初稿设计：wap首页风格，各频道首页风格，wap网站架构图：包括的栏目、子页面等一一列出</p><p>这是网站的前台设计，属于美工的范畴；数据库的前台页面也要同时设计制作！</p><p><br/></p><p>3、审核确认前台设计后进行整体wap网站数据库的开发制作；</p><p><br/></p><p>4、前后台里链接；</p><p><br/></p><p>5、上传至空间，测试数据库！</p><p><br/></p><p>在拿到客户的需求说明后，并不是直接开始制作，而是需要对项目进行总体设计，详细设计出一份网站建设方案给客户。总体设计是非常关键的一步。它主要确定：网站需要实现哪些功能；网站开发使用什么软件，在什么样的硬件环境；需要多少人，多少时间；需要遵循的规则和标准有哪些。同时需要写一份总体规划说明书，包括：网站的栏目和板块；网站的功能和相应的程序；网站的链接结构；如果有数据库，进行数据库的概念设计；网站的交互性和用户友好设计。</p><p>&nbsp;</p><p>在总体设计出来后，一般需要给客户一个<a href="http:www.west518.cn" target="_self">西安网站建设方案</a>。很多<a href="http:www.west518.cn" target="_self">西安网页制作公司</a>在接洽业务时就被客户要求提供方案。</p><p><br/></p>', 1520741269, 'admin', 0, '/Uploads/2018-03-11/5aa4ab95b43e9.jpg', 1, 36),
(34, 3, '微信小程序越早做越好，不做要吃亏的！', '<p>微信小程序越早做越好，不做要吃亏的！不论哪个行业，微信小程序越早做越好，先下手为强者所获红利更多！原因如下：</p><p>1、名称的唯一性</p><p>跟很多用户平台注册名规则一样，小程序的名称也是具有唯一性的，不能重复使用。所以注册小程序之前，一定要想好命名和简介，想尽一切办法也要把关键词搞进介绍里面去，一旦用户搜索关键词的时候，你的小程序便轻易地展现在他们面前了。</p><p>另外要严重记住的一点就是，小程序的名称越是跟所设置的关键词匹配，排名就越靠前，就越容易曝光。</p><p>而现在，小程序正以每天23600个的速度被商家抢购注册，也就是说如果你不早注册，行业内的热点词就会被提前占了，同一个关键词，你的排名永远落后于其他人，晚一步分分钟都会让你后悔。</p><p>2、上线时间对排名的影响</p><p>俗话说早期的鸟儿有虫吃，早做小程序的企业肯定有更多好处。作为微信未来的重头戏，小程序可是备受关照，越早搞小程序的企业首先得到的就是微信给予排名上的扶持。意思你懂的，就是不管你做的小程序是牛逼哄哄的还是没啥卵用的，总之你上线越早，在搜索榜的排名就能越往前。</p><p>所以说，还没做小程序，那就赶紧做吧，别犹豫了，免得越往后等小程序真正爆发起来，各种奇葩流量收费接踵而来，那就不好了。</p><p>3、访问次数决定优先展示</p><p>小程序的排名毫无疑问受用户点击次数、访问量等因素的影响，而早做小程序就能累计更多的用户访问量，用户访问量越多，点击率越高，微信系统就会默认你的小程序受欢迎度越高，就会把你家的小程序优先呈现给用户，所以这一定程度上增加了小程序的曝光度，对于你进行下一步的营销动作或是推广需要都大有裨益！</p><p>这一点，相信以前做过SEO、做过淘宝的商家应该都非常清楚。</p><p>4、历史纪录让小程序靠前</p><p>微信小程序流量入口非常多，其中【小程序历史菜单】是非常重要的入口，这个也是做早做小程序越好的原因之一，因为再牛逼的小程序也干不过被用户使用过的小程序。</p><p>一旦用户使用过你的小程序，在历史小程序搜索列表就会有显示，下次搜索的时候只要关键词跟小程序匹配，小程序就会排列在最前面。想做小程序的要利用好这一点，你做得越早，关键词搜索频率越高，出现在用户历史菜单的机会就越高，那自然用户再次使用你的小程序的几率就越大！所以如果你早做小程序，就尽情去推广吧！让你的小程序充分暴露在历史纪录列表就对了！</p><p>以上就是越早做<a href="http://www.west518.cn" target="_self"><strong>西安小程序开发</strong></a>优势越多的主要原因，未来小程序这条大船注定挤满千千万万的创业者。现实就是，在小程序上线不久的时间内，诸多行业大咖都已经上船，如果你们不抓紧机会抢占小程序市场，那所有的红利都将与你无关！</p><p>随着小程序功能的逐步新增，小程序无疑成为今年移动互联网最大的热门。那么，如何注册、认证、绑定、关联、发布小程序呢？</p><p>快速注册认证小程序</p><p>那么，如何快速注册、认证小程序？</p><p>快速注册小程序实质上是复用公众号资质注册小程序，无需重新提交主体材料、无需对公打款、无需支付300元认证费用，操作流程简化。</p><p>一个已认证的企业类型公众号一个月可以复用资质注册5个小程序。</p><p>快速认证小程序的方式有两种：</p><p>公众号可在快速注册小程序时认证小程序。</p><p>公众号关联同主体的未认证小程序后，可快速认证小程序。</p><p>开通入口 ：登录公众号-小程序-小程序管理-添加-快速注册并认证小程序</p><p><br/></p>', 1520609869, 'admin', 0, NULL, 1, 35),
(35, 3, '微信小程序逐渐成为了一个企业推广的介质', '<p><a href="http:www.west518.com" target="_self">西安小程序</a>作为一种轻型应用，逐渐被广大用户接受。据微信官方数据统计，到2018年1月15日为止，小程序活跃用户数为1.7亿，上线的小程序为58万个。目前已有100万以上的开发者和2300个第三方平台，共同打造了微信小程序的活跃生态，第三方平台也逐渐成为一个重要的角色。</p><p><br/></p><p>　　在生活服务领域，包括滴滴出行、火车票、美团外卖等企业也在微信推出了小程序，在某种程度上，小程序改变了用户对app应用的使用习惯，除了使用户获得便捷的操作体验外，也让自身产品得到了良好的推广。</p><p><br/></p><p>&nbsp; 我国手机微信的规模已经超过了7.88亿，手机上网的比例已经增长到73%，在手机占据上网的广大市场中，更多的人愿意使用手机完成日常网上活动。尤其在微信被大众广泛使用的环境中，在微信众推出第三方平台能更容易被用户认识与使用。它已渐渐成为一个企业营销推广的重要途径。</p><p><br/></p><p>　　小程序作为一种方便新颖且环保的轻型应用，根据近一年的数据分析得出，使用小程序的活跃用户逐渐递增，越来越多的企业会借助小程序解决痛点、享受成果。小程序已融入到生活社交、商业运营、商品营销等社会活动中，它的影响已成为大众有目共睹的。</p><p><br/></p><p>　　对于企业来说，可以很方便的展现自己的内容，同时微信小程序可以实现企业基本的服务用户的需求。从小程序发布到今日，使用小程序的企业数量增长了50%，微信小程序逐渐成为了一个企业推广的介质。在某种程度上，微信小程序的制作已经成了一种大势所趋。</p><p><br/></p>', 1520610202, 'admin', 0, NULL, 1, 35),
(42, 1, '手机网站要怎么制作才能满足日常的使用呢？', '<p>手机网站要怎么制作才能满足日常的使用呢？一说到手机网站的制作，其实你就跟我们制作日常的电脑网站是非常相似的，需要网站的域名服务器的支持才能保证和满足日常的运行的，除过域名和服务期之外剩下就是手机网站前期制作一定要要以实用性，美观大方为原则，毕竟不管是电脑网站还是手机网站，他们都是代表一个公司的形象和颜面的，尤其是一些集团型的网站需要在前期的美工的处理上大大下功夫，并且根据企业自身的实际情况来设计和定栏目，应该在制作过程中尽可能的避免贪大求全的心理。</p><p>作为手机网站的话其实它运行的设备是非常就明确的，就是手机端运行的，因此需要多多考虑不同厂家生产的移动设备的异同，以及一些移动设备生产厂家在出场的时候，就给一定设备内置了相应的手机浏览器，所以，这些问题看似简单，但是在制作手机网站的时候需要考虑的面面俱到的话可真不是一件容易的事情。</p><p>作为移动端设备的是手机网站叶聪在屏幕大小的问题，由于不同大小的手机屏幕对手机网站的要求也就相应的多了起来，尽可能在制作的时候，把移动端最大屏幕和最小屏幕都考虑进去，只有这样才能满足不同屏幕大小下运营的效果的。如果你需要<a href="http://www.west518.cn" target="_self">西安手机网站制作</a>话，请与我们公司联系，专业的<a href="http://www.west518.cn" target="_self">西安网络公司</a>，为你提供全套网站解决方案。</p><p><br/></p><p><img class="loadingclass" id="loading_jemata02" src="http://www.west518.cn/Public/ueditor/themes/default/images/spacer.gif" title="正在上传..."/></p>', 1520742190, 'admin', 0, '/Uploads/2018-03-11/5aa4af2ec6d75.png', 1, 44),
(43, 1, '优化的网站怎么做才算合格呢？', '<p>优化的网站怎么做才算合格呢？现在各行各业都加入到互联网这个行业中来了，都想从互联网的红利中分一杯羹，于是好多公司就开始自作电脑网站，制作手机网站，以及开发自己公司的微信公众平台，小程序开发等，当然了有实力的公司就无所谓了，不惜重金建设自己公司的官网以及其他的平台，殊不知不管各种各样的平台建设好之后，后期的推广就成为一个实际的问难题摆在这些公司的面前，等真正的进入推广阶段之后，跟自己想象的还差一定的距离，可以这样说并不是很理想，然后找各种方式跟门路开始推广，最终发现了一个问题，那就hi是网站在建设的时候，都是根据客户自己爱好和需求建立的，压根就没有占到网站推广和优化的角度去做这块，最终造成了网站高不成低不就，变成了鸡肋网站，放弃吗有点可惜，不放弃吧又对公司的实际运营没有任何的实际用处，为什么现在互联网上一大堆网站，真正有用的，能够给公司带来效益的网站估计连四分之都不到，面对这样的数据，作为公司的老板们，你们该好好想想了，就想通过互联网的方式来赚钱，究竟你们在互联网投入了多少呢？你们对互联网又有多少了解呢，其实作为互联网的话，就跟我实际市场是一样你的，一定要在一个行业精耕细作，慢慢积累和培养，只有通过这样的方式，才能让你的网站给你真正的起到作用和价值的，作为互联网并不是你想入非非，认为一种简单的投入就能给你带来效益，那你就大错特错了。</p><p><img src="/ueditor/php/upload/image/20180312/1520861916433071.jpg" title="1520861916433071.jpg" alt="u=1628594427,530265535&amp;fm=27&amp;gp=0.jpg"/></p><p>在实际中，不管是手机网站换是电脑网站，一定要讲究实际用你的基础之外换需要从搜索引擎优化的角度上进行全方位的考虑，只有这样，才能让你网站不白做，只有这样才能让你的网站变成一个有用的网站为公司真正带来效益和价值的。在网络营销实战中，其实真正玩那个有用的有价值的网站永远是用户体验跟网站价值的统一,只有将网站用户的体验做极致，让用户在需要的时候尽可能最短时间找到你，这才是有价值的网站，而不是投机取巧获得一时的快感，但是最终吃亏和上当的还自己。如这块果贵公司没有这样的人才储备就建议找<a href="http://www.west518.com" target="_self">西安网络公司</a>来帮你去做这块，也就是说<a href="http://www.west518.com" target="_self">西安网站制作</a>的业务外包给专业的公司来做，只有这样才能弥补公司网络这块的短板，让公司在短时间内获得网络上的收益并不是没有可能的</p>', 1520862110, 'admin', 0, '/Uploads/2018-03-12/5aa683b153af5.jpg', 1, 47),
(44, 1, '响应式网站该怎么制作', '<p>随着科技的发展，网站也迎来了新的发展，以前企业网站只是电脑端的，手机端还要另外做，那就远远的加大了工作量，而且不利于优化，成本也高，那么怎么才有利于优化，而且成本不是手机端+电脑端的总价位呢，那么响应式网站就能解决你所面临的问题，</p><p>那么什么是响应式网站呢，</p><p>响应式网站是结合手机端+电脑端为一体的一种自适应网站，当屏幕的小于一定的比例是，就执行手机端的代码，代码简洁，有利于后期的优化，并且解决了费用高的问题；那么他是怎么制作的呢；</p><p>首先；</p><p>1、页面使用的像素就要改为最大值来时，比如。max-width=1200；那么他最大就是1200；而且还要设置里面的元素按百分比走；因为，那样才能是手机按照比例走；</p><p>2、里面的产品就要面临一个问题；什么问题呢？那就是图片的大小问题；因为图片按照100%走的话；有的图片大；有的图片小；那么高就成为一个问题；所以响应式网站产品图片单独设置好高；要么就是再上传产品图片时就把产品单独做成一样大小的产品图片，在进行上传；</p><p>3、响应式网站，结构比较简单；基本上都是左右结构，要么一排3个，要么一排4个；总之都是排版整齐的；就像以前用table做的一样；</p><p>4、最为关键的一点，每个页面头部要加上&lt;meta content=&quot;width=device-width, initial-scale=1.0, maximum-scale=1.0, user-scalable=0;&quot; name=&quot;viewport&quot;&gt;要不然他就不会适应手机端；</p><p><br/></p>', 1520988188, 'admin', 0, NULL, 0, 38),
(45, 1, '微信公众号 app 小程序开发方向有哪些', '<p>随着科技的进步，手机已经是没个人身上所带的必需品，那么手机聊天也成为当代年轻人消磨时间的必要方向；那么作为微信公众号也就成为不少商家的一大盈利方向；例如；微信公众号的商城；app的开发；小程序的开发。那么公众号的开发所涉及的方向又有哪些呢？以及所遇到问题又有哪些方面呢；</p><p>以下几点仅供参考；</p><p>1、微信公众号的商城开发；</p><p>微信公众号的商城；涉及到的页面有首页、产品的列表页、产品的详情页、以及购物车、支付、个人中心等，多个页面；微信登录关于支付基本上都是微信支付，以及产品的后台发货，以及支付完成的数据提交，</p><p>2、app开发的流程；</p><p>app的开发流程大体跟公众号一样，都是购买产品后提交数据以及支付完成后的产品走向；只不过app的开发涉及带的支付方式多，例如；微信支付；支付宝支付等；</p><p>3、小程序开发方向；</p><p>小程序开发借助以微信功能进行的另一种商城模式；不需要安装插件，直接进行微信页面走向进行多功能的操作，</p><p><br/></p>', 1520988212, 'admin', 0, NULL, 0, 40),
(46, 1, '网站制作有哪些要求？', '<p>网站制作具体有哪些要求呢，可能大家都不熟悉，一般性的企业网站主要有首页、关于我们、产品中心、案例展示、人才招聘、新闻中心、联系我们这几个分类，然而客户在不同的行业所以涉及到的栏目可能也就多了，要求也就各不相同，有的客户要求网站排版简单，视觉感看起来清晰，有的喜欢网站排版密密麻麻，具有重量感。所以说网站制作起来也是比较困难的。</p><p>为什么会出现这种情况呢，主要有以下几个观点：</p><p>1、网站制作可能涉及到美观，视觉感强烈。</p><p>2、网站后期的作用涉及到多方面，</p><p>3、网站的后期优化，</p><p>4、网站的让客户的视觉享受；</p><p>一般网站平均价位都是一般化，客户想的是首先价格贵，还要排版舒适，所以一般性的网站都不是很好的满足客户需要；就好比一个人去蹦极问价格，老板蹦极一次多钱，老板回答是这样的，好的一般100，中等的一般80，还有差的一般50，那人又问还有更便宜的吗，老板回答，有，还有不要钱的，那个人问老板那他们有什么区别呢，老板回答，100的绳粗 80的细点 50的更细 不要钱的直接跳，那人听完后给老板说，来最贵的，那个道理告诉我们每件事都不可能尽情的完美，只能尽自己做到最好的，然而网站一样，既要好的网站效果图，还要便宜，那么做起来就问题多了。</p><p>先来说说网站是做要求；</p><p>1、确定主题；</p><p>一般性的行业网站都是以公司的产品为目的的介绍；进行阐述产品的优势以及功能；</p><p>2、确认方向；</p><p>确认网站的主题色调；是否跟产品的主体色调相融合，能够更好的体现出产品；</p><p>3、进行网站的页面排版；</p><p>确认每个页面的排版要求；进行合理的排版；对不同的模块进行相对应的处理；</p><p>4、程序的添加；</p><p>页面完成后移交后台进行数据调动；以及产品的后台操作；数据调用；</p><p>5、填充页面；</p><p>网站制作完成后进行每个页面的内容填充；检查页面的样式是否错乱；</p><p>6、联系客户；</p><p>联系客户进行网站的验收；以及后期的技术支持指导工作；</p><p><br/></p><p>网站制作找我们放心，安心，</p><p><br/></p>', 1520988230, 'admin', 0, NULL, 0, 34),
(47, 1, '', '<p>sdas<br/></p>', 1521468030, 'admin', 1, NULL, 0, 1),
(48, 1, '平台网站开发和建设应该注意哪些事项呢？', '<p>平台网站开发和建设应该注意哪些事项呢？在实际网站开发过程中，尤其是一些平台性质的网站，好多客户在开发的过程中往往追求的是大而全的节奏，这种大而全的平台网站往往在实际中开发中花费不少的开发费用之外，还需要耗费很多的时间和精力去思考，但是这种大而全往往是建立在一种理想状态下的，跟我们的实际是完全脱轨的，有的时候，是不接近实际的的，其实一些大型平台网站的开发前期是很简单的一项工作，但是实际开发中，好多客户额户需求不明确，在开发的过程中很容易走弯路，做出来的好多公公都是没用的，并且诶按照这样理想状态开发出来的平台网站，往往在实际中并不能很好的满足广大用户的需求的，只是老板们想象出来的，与实际的应用换是有一定差距的，这就是为什么往往追求大而全的一些平台网站后期会出现反复修改的状况的主要原因所在，另外一方面一些大而全的网站平台的建设缺乏实际论证考虑，十有八九都是胎死腹中了，很少有做成功的主要原因所在，从根本上说很多时候这些平台的功能都是参考同行业其他的公司在做，很多缺乏实际创新和实践，这是目前好多平台网站多，但是真正运营成功少得原因所在，可以这样说。思路构思到最终的实际应用都是缺乏实战性的，从而注定这样平。台网站最终会以失败告终的主要原因所在。如果你需要<a href="http://www.west518.cn" target="_self">西安网站制作</a>，<a href="http://www.west518.cn" target="_self">西安网站建设</a>的网络公司的话，请与我们公司联系，为你提供全套的网站建设方案。<a href="http://www.west518.cn" target="_self">http://www.west518.cn</a></p><p><br/></p><p><img src="/ueditor/php/upload/image/20180319/1521468990127911.jpg" title="1521468990127911.jpg" alt="360截图20180311115832283.jpg"/></p>', 1521468997, 'admin', 0, NULL, 1, 37),
(49, 3, '微信开发成本过高的主要原因有哪几方面', '<p>微信开发成本过高的主要原因有哪几方面，微信开发成本过高是整个网站制作界一直这样认为的，那么为什么大家都认为微信开发成本这么高呢，造成微信开发成本这么高的主要原因有哪几个方面呢，接下来小编给大家分析一下主要原因所在。</p><p>从「微信开发成本」这件事儿来讲，其开发成本之高、开发难度之大基本上得到多数认可。道衍天机认为主要有以下几点原因：首先，往往一个很简单的功能需要反复修改，在研发过程中也可能会不断推翻之前的设计想法。因为，一款用户体验好的软件不仅要平衡用户满意度，同时也要引导用户，提高用户活跃度和留存率。尤其是大公司的应用软件，每隔一段时间都在不断优化和迭代，也是为了提高用户留存率。</p><p>此外，移动设备不同、操作系统不同，甚至版本号也各异，如果你是小公司的产业研发团队成员，那么功能代码写完可能仅是此次项目的其中一款内容，如何解决好不同移动设备的兼容新问题仍是不小的挑战。<br/></p><p><br/></p><p>再者，诸如有些无法独立实现的功能如消息推送，就需要跟第三方移动设备厂商进行合作，同样也需要投入一定的资金成本。还有一点非常重要的是，在庞大用户基数的情况下，必然要处理高并发问题。从微信 2017 年 8.89 亿月活用户，1000 万公众号的数据可以看到，微信并不只是一款前端的 App，它的正常运转需要后端大量服务器的支撑，需要存储空间的支持。</p><p>对此，李明阳的回答发人深思：“很多东西的难度，是随着需求变化的”，正如小白用户需要的仅是便宜好用，而成熟用户已从功能需求上升到战略层面，如何获得与自身业务快速增长相符合的后端系统支撑？如何满足用户更加复杂的业务场景需求？如何处理高流量下的负载均衡？<br/></p><p>如果说是 IT 产业的溢价太高，不如换个角度思考，高投入换回来的是高价值回报，“只要能成交，就是合理的价格，有价无市才叫溢价。<br/></p><p>很多用户尤其是行业用户，当一款 App 产品很难满足自己日渐增长的业务需求，或者说市面上普遍产品都用得比较糟心时，外包的方式似乎不太可取，用户往往会“下海”尝试自己单干，成功的也有，但往往难度不小。你首先得了解开发一款 App 需要哪些环节吧？从可行性研究、需求调研分析、产品规划、UI 设计、技术研发、程序测试，到使用和运维阶段。然后，你还得了解行业中流行的几款移动开发方式，同时也需要时刻关注这类技术的发展趋势。从 2016 年 7 月移动信息化研究中心的一项数据显示，基于 H5 以及混合模式的移动开发技术已逐渐在市场中占有优势地位；原生模式的选择比例在逐年萎缩，但应会有一丝生存余地。</p><p>所以这个IT界目前一直认为西安微笑能开发成本过高，预期开发微信换不如开发小程序之类的新的应用功能，要说小程序的话在推广方面要比微信号推广的多，并且诶开发费用方面都是产不多的，所以好多公司目前在开发的时候第一选择的是小程序作为开发的首选，如果你需要<a href="http://www.west518.cn" target="_self">西安微信开发</a>，<a href="http://www.west518.cn" target="_self">西安小程序开发</a>的话，请与我们公司联系，专业的<a href="http://www.west518.cn" target="_self">西安网络公司</a>为你服务。<a href="http://www.west518.cn">http://www.west518.cn</a> </p><p><br/></p><p><img src="/ueditor/php/upload/image/20180319/1521469478136970.jpg" title="1521469478136970.jpg" alt="u=1628594427,530265535&amp;fm=27&amp;gp=0.jpg"/></p>', 1521469491, 'admin', 0, NULL, 1, 74),
(50, 1, '企业为什么要进行微信开发？', '<p>现如今的社交方式主要以微信为主，并且逐渐成为我们生活中的重要工具之一，而微信公众号作为微信最主要的产品，分为服务号和订阅号，具有品牌宣传、营销等作用，但随着市场的发展，微信公众平台后台自有的功能已不能满足大众的需求，企业要想持续保住客户粘度，就必须挖掘互联市场、获取精准客户，而最好的营销利器便是通过微信开发，以此来满足市场的发展与用户的需求。</p><p>那么，究竟为什么要进行微信开发呢？企业进行微信开发的必要性是什么呢?</p><p><br/></p><p>一、上档次的品牌传播</p><p>进行微信开发后，企业传播品牌的形式得到丰富，开发企业微信平台后，可以进行个性化的页面设计，以独具风格的设计效果体现品牌文化，更加“高大上”的宣传品牌。</p><p>二、精准营销</p><p>企业微信公众平台可以给关注者推送文字、语音、视频、图片等内容消息，推送的内容可以是重要通知、趣味互动或产品营销等。当消息推送出去时，每位关注的用户能收到百分之百的送达率，直指关注企业微信的有需求的用户，实现精准营销。</p><p>三、低成本做营销及互动性</p><p>当我们在电脑中编辑好文章后，轻轻一点便可送到所有关注者手中，绝对的0成本“广告”！微信公众平台还具有一对一沟通和互动，绝对是一个客户利器。</p><p>企业可进行的微信开发主要有以下几种，解决企业服务上的需求，丰富平台的营销功能。</p><p>1、微商城——打造企业微信在线购物平台。以微信为媒介，配合微信支付功能，用户可以在微商城中浏览和购买产品。结合自动推送和优惠券等功能，引起用户的购买欲望。</p><p>2、微官网——帮企业打造超炫微信移动网站，将企业信息、产品、服务等内容通过微信网页的形式展现给用户，用户只要微信关注该公共账号，查看该公司的企业动态、产品信息等。</p><p>3、微会员——微时代会员卡，帮助企业建立集品牌推广、会员管理、营销活动的微信会员管理平台。记录着企业客户的消费行为并进行数据分析，从而实现精准营销。</p><p><br/></p><p>因此，企业如果想要在移动互联市场立足，那么进行<a href="http://www.west518.cn" target="_self">西安微信开发</a>是一个很有必要的！如果你需要找专业的<a href="http://www.west518.cn" target="_self">西安网络公司</a>的话，请与我公司联系们，为你提供全套的微信开发，网站开发，小程序开发全套方案。</p><p><br/></p><p><img src="/ueditor/php/upload/image/20180319/1521469683129245.jpg" title="1521469683129245.jpg" alt="u=1628594427,530265535&amp;fm=27&amp;gp=0.jpg"/></p>', 1521469702, 'admin', 0, '/Uploads/2018-03-19/5aafc906a721a.jpg', 1, 38),
(51, 1, '为什么说开发小程序是大势所趋？', '<p><br/></p><p>1、强大的流量入口</p><p><br/></p><p>作为移动互联网快速发展的时代。我国现今拥有最大移动端流量池的应用非微信莫属，其日活跃用户9.8亿。所谓流量在哪里，市场就在哪里，企业和客户自然就都会去到哪里。由于微信日活量的庞大，其搜索流量必然是有巨大的想象空间和可操作空间的。而小程序正是可以满足各种应用场景，适用于行业企业、人们生活的各方各面的轻量级应用工具。借助微信强大的流量池，利用小程序变为企业的流量入口。大量的吸纳流量，自然能为企业带来更多的丰收捷报。</p><p><br/></p><p>2、符合时代需求的应用</p><p><br/></p><p>在传统的PC端互联网时代，网站是所有企业的必备。而在早前的移动端互联网时代，app是企业最自然的升级延伸。但是由于app高昂的开发成本、复杂的访问路径，昂贵的推广费用，让大多数企业对app的应用避之不及。而小程序的诞生，以接近原生态app的体验、无需下载安装，访问后自动留存记录等等便捷利民的特性，将企业的品牌和产品交易，通过微信，推向广大的消费者。而这一轻便快捷的应用体验正是如今这个时代人们对高质量、高效化、便捷化的需求体验。</p><p><br/></p><p>3、低成本获得大曝光</p><p><br/></p><p>相比起制作复杂繁琐的原生APP，相比起制作开发后定期的升级维护，相比起上线后各种宣传推广，相比起后期各种的使用留存问题。小程序相对成本低得太多了。开发阶段的小程序，已经拥有腾讯给予的基本制作框架，开发过程比起原生APP更为快速简单。而对于高昂的宣传推广，让用户下载安装这个环节，微信小程序更是直接打趴对手，在微信生态环境内，根本不需要下载安装，直接扫码识别，或者搜索关键词，甚至是走到商铺定位范围5公里内，就能被获取到。非常简便，而且完全免费。</p><p><br/></p><p>用户的留存问题一直是企业关心的要点。很多低频的APP在用户使用过一次两次后，就会遭到被卸载的惨痛。而小程序不占用手机内存，无需卸载，而且每次使用完都会自动保存在用户的使用列表，留存在用户的搜索栏目优先排名上。大大降低了企业在APP上为用户留存问题而花费的人力物力。微信小程序不断的更新的能力，增加新的入口。无不让企业产品触达产品成本更低，提高服务效率。让企业花费更低的成本就能获得更大的曝光。</p><p><br/></p><p>4、 圈田画地，自建流量池</p><p><br/></p><p>电子商务是这个时代最为瞩目的发展行业，越来越多的人跳进这个红海里打算捞上一笔。但是也有越来越多的行内人士表示，生存艰难。</p><p>传统电商平台，如淘宝、美团等平台，主要盈利模式是入驻费用、广告费用、抽成费用等，电商企业的生存命脉完全把握在平台的名气，声望上，而其所为企业带来的流量也正在慢慢的变少。而小程序基于微信10亿的用户，去中心化的存在。因为每个小程序都是相互独立的，每个用户属于企业自己的。小程序所吸引的流量全部都是属于企业自己的。企业拥有属于自己的流量池，从而使企业可以为用户单独提供服务、关系维护，实现口碑营销、积累忠实粉丝。</p><p><br/></p><p>5、互相跳转，重塑营销矩阵</p><p><br/></p><p>小程序推出相互跳转功能后，小程序与企业直接从单一的品牌展示，商品销售端口，一下子变成了庞大的营销矩阵。为什么这么说？在小程序推出之前，微信商城都是通过服务号+H5的形式实现的，这种商业模式并没有引爆微信电商，首先用户的使用体验不好，其次在于功能单一，服务群体有限。</p><p><br/></p><p>而<a href="http://www.west518.cn" target="_self">西安微信小程序</a>是以上问题完美解决方案。小程序推出以后，企业可以利用一个公众号同时关联多个不同的微信小程序。并且将自己的企业产品线，企业服务功能分类分组的进行开发不同的小程序。并通过制定统一审核标准，把线下所有场景化运用进来。利用小程序能够相互跳转的能力，建立了一套完整的线下场景化运用的解决方案，将用户进行统一企业主体，不同产品服务之间的商户引导销售，从而将重构整个移动互联网端的营销生态。</p><p><br/></p><p>6、大势所趋，不可逆转</p><p><br/></p><p>反观近几年的互联网发展历程，用户的消费使用习惯。用户从PC到APP，后来又从APP发展到微信公众号，其实大部分用户都是同一拨人。那么这一拨用户为什么能如此的“喜新厌旧”呢？其实是因为这拨用户是最能接受新事物，并且利用新事物进行增值和发展的人。所以他们花费的时间和精力会随着时代的变迁，不断的更替。在过去的传统互联网时代，花费大把的时间和空间在PC前；后来通过手机获取信息和服务，解放了人们的空间限制；现在又从手机集中转移到通过微信来获取所需，配合了时代发展人们的社交需求。其实善于捕捉时代风口的企业明白：用户的注意力在哪里，哪里就有新生的市场。微信作为一个月活超过十亿的超级APP，小程序必然会取得巨大发展。当下，<a href="http://www.west518.cn" target="_self">西安小程序开发</a>正在不断的获得新赋能，新成长。只会不断向前走，不会再回到APP。就如现在我们不会回到PC时代，不会再从订阅号回到APP去获取内容是一样的道理，时代总是在往前走。而小程序的开发和发展正是大势所趋，不可逆转。</p><p><br/></p>', 1521469945, 'admin', 0, '/Uploads/2018-03-19/5aafc9f93f6b5.jpg', 1, 30),
(52, 1, '网站设计与制作的过程中应该注意哪些问题', '<p>网站设计与制作的过程中应该注意哪些问题？不管是单个的网页还是整个网站，在设计和制作的过程中应该严格遵循网站设计与制作的思路和流程，在方便用户是哦功能的前提下，尽可能地将最为重要的，核心性质的东西展示在最前面，这个原则必须要遵循，另外作为网站设计者，在设计网站或者网页的时候，一定要根据客户的要求出发，然后再融入自己的思想和灵感，争取给客户一个满意的设计方案，这是最为网站设计者最基本上的要求，另外，网站设计是一门综合性的学科，多半的网站设计师都是从平面设计过度过来的，设计网站一定要注意网站的整体宽度和高度的控制，尤其是现在扁平化的设计理念，引导好多的设计师都想着方卖弄发展，其实这样的网站在有的客户看来版面太长，并且不适合自己行业的使用，这也是常有的事情，所以在做网站设计的时候，一定要与客户充分沟通后，前提是考虑客户的还要求的前提下，再将自己的设计理念融合进去，只有这样才能设计出客户满意的网站。另外随着移动端的快速发展，电脑版网站的设计跟手机版网站设计有着本质的区别的，手机端的网页设计应该遵循简单，重点事项的设计，不能像电脑端长篇幅大版面的去设计，毕竟手机移动端的屏幕有限，如果设计的太过零散的话也未必是件好事情，有的时候起到画蛇添足的作用，起到反作用了。如果你需要<a href="http://www.west518.cn" target="_self">西安网站设计</a>，<a href="http://www.west518.cn" target="_self">西安网站制作</a>请于我们公司联系，专业的网站制作公司为你服务。<a href="http://www.west518.cn" target="_self">http://www.west518.cn</a></p><p><br/></p><p><img src="/ueditor/php/upload/image/20180321/1521642150941234.jpg" title="1521642150941234.jpg" alt="u=1628594427,530265535&amp;fm=27&amp;gp=0.jpg"/></p>', 1521642152, 'admin', 0, '/Uploads/2018-03-21/5ab26cdc5bca8.png', 1, 49);
INSERT INTO `think_news` (`id`, `category`, `title`, `content`, `time`, `author`, `is_delete`, `imgPath`, `tuijian`, `liulan`) VALUES
(53, 3, '手机网站怎么做才算合格呢', '<p>手机网站怎么做才算合格呢？由于移动评断的屏幕的大小以及各种因素的限制，让好多网站设计师在设计手机网站的时候，有些无从下手的感觉，其实作为手机网站的话，在设计的时候应该严重遵循一条主要的思路和脉络去设计，也就是说在世纪之前需要对一些重点的东西进行系列化的浓缩，毕竟版面和位置都是有限的，如果涉及内容和东西太多的话也未必是件好事情，另外作为手机端网站，一定要设计有方便客户联系以及栏目设置精简，这是手机网站设计的最为基本的原则，不然，即使你设计的再好，如果用户使用从在很大问题的话，那这样的手机网站设计也是失败的。</p><p>好的手机网站让用户在短时间内找到自己想要内容和东西，这是最为重要，然后用户在者杨大小的屏幕上不迷路，并且诶很容易找到连接的入口，只有这样，才能起到真正手机网站存在的价值和意义，如果你需要<a href="http://www.west518.cn" target="_self">西安手机网站制作</a>，<a href="http://www.west518.cn" target="_self">西安手机网站建设</a>的话，请与我们公司联系，专业的设计团队，为你提供全套的解决方案。<a href="http://www.west518.cn" target="_self">http://www.west518.cn</a></p><p><br/></p><p><img src="/ueditor/php/upload/image/20180321/1521642698450327.png" title="1521642698450327.png" alt="ada7ceb7e7306fa6b1dcab9467486601.png"/></p><p><br/></p>', 1521642701, 'admin', 0, NULL, 1, 94),
(54, 1, '西安微信开发的的前景和出路', '<p>随着微信已经进入了稳步发展时期，一方面是公众号环境和电商的蓬勃发展，另一边是不断出现的认为微信红利期已过的悲观论调。那么在2017年年底之际，我们来谈一谈微信未来的前景。</p><p><br/></p><p>1、个人为主体的公众号大批涌入</p><p><br/></p><p>不管公众号能否赚到钱，能赚到多少钱，就凭一句话，都足矣让每个人都期望拥有一个自己的公众号：再小的个体，也有自己的品牌。公众号的最大作用是占有一个属于自己的流量入口，就好像在PC时代，我们都希望自己有一个自己的博客和微博一样的道理。</p><p><br/></p><p>2、中小企业大力推进企业品牌公众号的运营步伐</p><p><br/></p><p>如果说2014/2015中小企业对公众号还处于观望和试水阶段的话，那么2016年，中小企业就已经走过了这个阶段，已经可以开始发力了，通过1-2年的运营，2017年已经发现了其中的甜头。 各大知名人才招聘网站关于新媒体运营和微信运营人才岗位的数据也是日益增多，在每个岗位的薪资待遇方面也几乎于传统的电子商务相关职位的工资匹敌，这说明一个问题，说明企业在这一块的需求日益旺盛。</p><p><br/></p><p>3、集团公司、外企、政府机构加速进入</p><p><br/></p><p>集团公司、知名品牌，在电子商务和移动互联网领域不是没有嗅觉到，而是不愿意做第一个吃螃蟹的人。有资金，有人力，有资源，当看到一个新兴行业起来后，并且有十足的把握胜券在握的时候，只需要一声令下，一夜之间粉丝上百万那是轻易而举的事情。</p><p><br/></p><p>4、自媒体号依旧是生力军，会产生更多融资案</p><p><br/></p><p>从用户的关注比例上看，自媒体号占到了29%，在2017年，自媒体公众号发展速度会放缓，会随着时间的增长淘汰一大批，最后能冒出头能留下来的就是胜利者，有大量高质量的精准粉丝、清晰的可观的商业模式的公众号更是能得到资本的青睐。</p><p><br/></p><p>5、流量两极分化越来越严重</p><p><br/></p><p>有粉丝和流量的公众号会粉丝越来越多，没有粉丝和流量的公众号会越来越难做，粉丝的增长也是非常的困难。走出了瓶颈期，找到了适合自己的推广方式和渠道后，获取粉丝和流量就变得非常的简单，如果没有找到，特别是一些新创建的公众号，会被日益不理想的用户增长数据所吓倒，甚至放弃。</p><p><br/></p><p>6、公众号文章阅读量会更低广</p><p><br/></p><p>微信图文的阅读数出现了疲软，发布强度提升，但是平均阅读数量下降比例占到了30%以上，发布强度和平均阅读数能一同上升的占到17%，换句话说几乎80%的阅读数量都不是运营者所满意的，不过也符合市场的二八原则。 随着公众号数量的不断增加，个人、企业、集团、政府等不同角色和主体的加入，图文的阅读量总体会更加糟糕。</p><p><br/></p><p>7、获取用户的成本会更高</p><p><br/></p><p>这个市场已经成型，随着官方的各种营销手段的监管，以及用户自身的市场被教育，再也不是当年的那么小白，成本上升是自然的事情。就连僵尸粉的市场价也是一个月翻几倍，微信用户的获取成本一定会更高。</p><p><br/></p><p>8、运营方向上选择小而美，精准到某个具体的需求点</p><p><br/></p><p>现在做公众号如何还想着做大而全的公众号，如果是没有什么资源的，这个市场已经非常的饱和，基本上没有太大机会去超越那些已经做得很大的大号。想要突出重围，异军突起，只能是做小而美。</p><p><br/></p>', 1521642920, 'admin', 0, '/Uploads/2018-03-21/5ab26da88546a.jpg', 1, 45),
(55, 3, '微信小程序开发最佳实践', '<p>在小程序之初便开发应用了，现在小程序的开发也越来越成熟了，完善了很多的API、组件、架构等，社区也由原来的零星点点到现在的不大不小，但也算是有了，期间也诞生了很多的开发框架，越来越多的三方辅助库，我也捣鼓出很多。比较有名的算是 wepy 和 labrador， wepy 是 vue 风格的小程序开发框架， labrador 则比较亲和 React，各有千秋，也各有深坑，而 labrador 作者目前已经停止更新了 TnT，作为React深度使用者的我来说是忧伤的，于是我捣鼓出 wn-cli 来用类 React 快速开发微信小程序，然而在这个过程中，想了很多，为什么需要开发框架呢？小程序本身在一开始就强调框架，且现在做的也不差，后来总结了下，无非是不熟悉小程序这套框架，但学习新的中间框架去开发小程序，这不是更加加大了熟悉成本吗？且出了问题增加了处理的代价。</p><p><br/></p><p>于是，我重新思考了下，最佳的微信小程序开发实践应该是无痛的，且舒服的，无痛的是指在小程序的飞速发展变更中，我们不用重复的浪费学习第三方框架和原生框架。舒服的是指，我们能用上我们熟悉的流行工程流，如：less 预编译、async/await 异步请求，redux数据管理等。</p><p><br/></p><p>以上，便是这个 repo 的意义与原因。</p><p><br/></p><p>设计概要</p><p><br/></p><p>[x] 优化小程序 API</p><p>Promise 化异步接口</p><p>突破请求数量限制（队列）</p><p>[x] 使用 async/await</p><p>[x] 接入 Redux 管理页面数据流</p><p>直接接入，添加可配置项</p><p>添加 saga 管理操作</p><p>[x] 样式书写采用 less 预编译</p><p>使用 Gulp 管理自动编译，持续集成</p><p>[x] wxs 管理工具库</p><p>数据的格式化操作，如时间格式化、金币格式化等</p><p>[x] 按需加载，子页面分包（除却 tab 页面的其他页面）</p><p>按功能模块分包加载（推荐）</p><p>按 tab 分包</p><p>[x] 资源自动化管理</p><p>上传 CDN</p><p>Promise 化异步接口</p><p><br/></p><p>由于微信的API中异步接口都是有三个回调函数的，分别是 success， fail， complete，执行时机同字面上意思（ complete一定会在接口的最后执行）。于是结合 Promise，简单的描述如下（以下为简版，具体的可以看源码）。</p><p><br/></p><p>原生微信小程序API：</p><p><br/></p><p>wx.request({</p><p>&nbsp;&nbsp;</p><p>// ... 其他一些配置项</p><p>&nbsp; success: () =&gt; {},</p><p>&nbsp; fail: () =&gt; {},</p><p>&nbsp; complete: () =&gt; {}</p><p>});</p><p>添加 Promise后：</p><p><br/></p><p>new</p><p>&nbsp;</p><p>Promise</p><p>((resolve, reject) =&gt; {</p><p>&nbsp; wx.request({</p><p>&nbsp; &nbsp;&nbsp;</p><p>// ... 其他一些配置项</p><p>&nbsp; &nbsp; success: resolve,</p><p>&nbsp; &nbsp; fail: reject,</p><p>&nbsp; &nbsp; complete: resolve,&nbsp;</p><p>// 这里暂取 resolve 来解决</p><p>&nbsp; });</p><p>});</p><p>Promise 化后，使用起来就简单了：</p><p><br/></p><p>wx.request({&nbsp;</p><p>/* ...一些配置项 */</p><p>}).</p><p>then</p><p>(res =&gt; {</p><p>&nbsp; console.log(res)</p><p>}, err =&gt; {</p><p>&nbsp; console.error(err)</p><p>})</p><p>结合下面的 async/await 就可以更加方便的书写同步代码。</p><p><br/></p><p>使用 async/await</p><p><br/></p><p>1.添加 babel</p><p><br/></p><p>yarn add babel-core</p><p>2.安装 env presets</p><p><br/></p><p>yarn add babel-preset-env</p><p>3.使用 .babelrc</p><p><br/></p><p>{</p><p>&nbsp;&nbsp;</p><p>&quot;presets&quot;</p><p>: [</p><p>&nbsp; &nbsp;&nbsp;</p><p>&quot;env&quot;</p><p>&nbsp; ]</p><p>}</p><p>4.在 Gulp 中使用 babel</p><p><br/></p><p>// install</p><p>yarn add gulp-babel</p><p>const</p><p>&nbsp;babel = require(</p><p>&#39;gulp-babel&#39;</p><p>);</p><p>// ...</p><p>.pipe(babel())</p><p>// ...</p><p>5.添加 runtime，在使用 async/await的地方引入 ./src/utils/lib/runtime.js 文件，幸运的是这件事情在这个repo中的 Gulp任务中自动处理了。</p><p><br/></p><p>以上，便可以在微信小程序中使用 async/await了。</p><p><br/></p><p>样式书写采用 less 预编译</p><p><br/></p><p>为什么选择 less，因为简单方便，前端编译，轻量级。</p><p><br/></p><p>注意：由于小程序本身的限制，在书写样式的时候，不要使用 less 的嵌套功能！</p><p><br/></p><p>1.添加 less 变量库等</p><p><br/></p><p>// ...</p><p>.pipe(addLessImport({</p><p>&nbsp; &nbsp; &nbsp; themePath: path.join(__dirname,&nbsp;</p><p>&#39;./src/theme/index.less&#39;</p><p>),</p><p>&nbsp; &nbsp; &nbsp; commomPath: path.join(__dirname,&nbsp;</p><p>&#39;./src/app.less&#39;</p><p>),</p><p>&nbsp; &nbsp; }))</p><p>// ...</p><p>2.编译</p><p><br/></p><p>// ...</p><p>.pipe(less({</p><p>&nbsp; &nbsp; &nbsp; paths: [path.join(__dirname,&nbsp;</p><p>&#39;./src/theme&#39;</p><p>)]</p><p>&nbsp; &nbsp; }))</p><p>// ...</p><p>3.重命名样式文件，以便小程序识别</p><p><br/></p><p>// ...</p><p>&nbsp; .pipe(rename((path) =&gt; {</p><p>&nbsp; &nbsp; path.extname =&nbsp;</p><p>&#39;.wxss&#39;</p><p>;</p><p>&nbsp; }))</p><p>// ...</p><p>资源自动化管理</p><p><br/></p><p>1.目前接入阿里云，监测 assert 文件夹，自动上传图片资源</p><p><br/></p><p>2.根据配置自动生成 less 配置 config.less</p><p><br/></p><p>gulp.src(</p><p>&#39;src/theme/config.less&#39;</p><p>, { allowEmpty:&nbsp;</p><p>true</p><p>&nbsp;})</p><p>&nbsp; &nbsp; .pipe(file(</p><p>&#39;config.less&#39;</p><p>, `</p><p>@cdn</p><p>: ~</p><p>&#39;${config.cdn}&#39;</p><p>;`))</p><p>&nbsp; &nbsp; .pipe(changed(</p><p>&#39;src/theme&#39;</p><p>))</p><p>&nbsp; &nbsp; .pipe(gulp.dest(</p><p>&#39;src/theme&#39;</p><p>))</p><p>3.使用</p><p><br/></p><p>page {</p><p>&nbsp; background-image: url(</p><p>&#39;@{cdn}/index-bg.png&#39;</p><p>);</p><p>&nbsp; background-attachment:&nbsp;</p><p>fixed</p><p>;</p><p>}</p><p><br/></p>', 1521643012, 'admin', 0, NULL, 1, 95),
(56, 3, '从微信开发到本地最大自媒体是如何炼成的？', '<p>我一直是微信的用户，单位原来也申请了一个微信公众平台，不温不火的用着。</p><p><br/></p><p>那是2013年10月份，一个偶然的机会接触到企业微信帐号的第三方开发平台，当时我们联系的是北京某家微信第三方服务商，有会员管理、自动回复管理、菜单管理、会员抽奖活动、企业微网站、各个行业的套餐等，觉得对商家需求量大，是个很大的商机。</p><p><br/></p><p>通过对市场和公司考察，发现在全国做这个微信平台开发的只有几家公司，我们在北京培训几天，和这家微信第三方服务商签了合同，当时投了5万元，拿到的地区代理，成立了公司，全心的做这个事。</p><p><br/></p><p>第一阶段　搜索实践</p><p><br/></p><p>微信平台，当时这家微信第三方公司商务版报价是3650元，行业版是9800元，我们的利润在25-40%，一接触市场我们才知道，能接受这个价格的商户太少了，通过朋友和我们的努力，勉强够开支；出乎我们意料的是短短两个月，全国微信开发公司如雨后春笋般冒出来，价格直线下降，我们市里有了3-4家做企业微信平台的，他们报价从500-1500元，而且很多人自己弄一套微信系统，根本就没有成本，直接冲击我们。</p><p><br/></p><p>我们也必须改变策论：</p><p><br/></p><p>第一、从专业性上提高自己，让客户做微信就要选择我们</p><p>第二、整合第三方服务商的管理系统，客户需要的微网站，我们自己设计开发，从而减少成本支出。</p><p>第三、代客户运营，通过我们在北京的培训和自身管理的经验接触过的商家基本都能稿定。</p><p><br/></p><p>第二阶段　稳定市场</p><p><br/></p><p>在经历了4个月的艰难摸索后，终于在市场上站住了脚步，我们做到了：</p><p>专业性第一：只要做微信，大部分客户会选择我们；</p><p>客户数第一：我们客户占全部客户的70-80%，大的商家和商家的关注用户都掌握和控制在我们手里，关注量也慢慢的积累起来。仅仅一个月，关注用户增长很快。如饭店12000多人、KTV 8000多人、电影院6000人、手机销售公司5000多人等</p><p><br/></p><p>第三阶段　运营本地自媒体</p><p><br/></p><p>有了市场的美誉度和如此高的占有率，就要运营一个本地自媒体。</p><p><br/></p><p>当时我们想以打造服务为主，就选择了服务号，当时觉得服务号高大上，虽然服务号一个月只能发四次内容，但是还是打算用服务功能吸引用户，但是后来发现走错了，因为没有订阅号，宣传自己都不到位。</p><p><br/></p><p>运营了一段时间，服务号也有了一万多人，人家其他订阅号天天发信息，我们一周才能发一条，立马重新注册了一个订阅号，一切从头来。</p><p><br/></p><p>运营也算比较顺利，发些商家的优惠信息，发些本地新闻信息，人数从1万，2万，3万，一直稳定的增长着。</p><p><br/></p><p>第四阶段　走出自己的路</p><p><br/></p><p>根据几个月运营的经验，我们知道了商家的要求，商家就是希望把自己的产品和优惠的信息展示出来，让大家都看到，我们做了一个商家微信促销互联微网站。</p><p><br/></p><p>我们懂些网站开发，同时请了两个设计人员，根据我们和客户的要求自己开发了一个网站，定义为“商家微信促销平台”，里面都是本地各个行业的商家信息，而且商家的信息和微信绑定到一起，就是关注了企业的微信后，打开和看到的都是我们网站的内容，所有的商家微信的内容都集中到了我们网站上。</p><p><br/></p><p>我们掌握了商家微信的入口，从而给我们带来了流量。</p><p><br/></p><p>现在在我们本地，我们做到一家独大，共有60000多人关注量，对于一个小城市来说，占据了15%的人口；我们每天群发3条商家的信息。根据位置的不同，每条信息收费分别为500元、400元、300元，再做些企业微网站、商家的活动策划，每个月也有3-4万的进账。</p><p><br/></p><p>本地做好以后，我们就在其它各个区县也成立了自己的分部，组建本地区的微生活体系。一些在北京培训时候认识的朋友和这家微信第三方公司的代理商，也有人想加盟我们，利用我们的微网站，按我们的模式运营当地的自媒体。</p><p><br/></p><p>下面是微信运营实战群成员的提问：</p><p><br/></p><p>问：你们广告是不是有点低啊,500块发头条?</p><p><br/></p><p>答：本来定价是800-1000,开始先打折走的,我是想先有了效果再提价.其实发广告我不乐意做,主要是为了提高自己在商家的知名度,为的是发展我自己的微官网.广告的点击量很低,所以要不上价格.</p><p><br/></p><p>问：你们现在几个人? 收入怎么样?</p><p><br/></p><p>答：我们团队8个人,3个业务,3个技术,2个编辑.</p><p><br/></p><p>现在基本收支平衡吧,我这边的技术主要是为了扩张而储备,做微生活体系.平时为企业做平台、做视频,也有收入.</p><p><br/></p><p>问：你们每次几条图文消息? 浏览量高吗?</p><p><br/></p><p>答：虽然每天只有3条广告,但是我还是觉得多,以前都是发软广,十月一为了迎合气氛发了些硬广.</p><p><br/></p><p>硬广其实不是让人点击的,就是靠标题说明问题,广告这种形式肯定没人转的.最近我把广告基本停了 ,全部转向我的微官网.过了十月一头版就都不发广告,毕竟还是平台用户感受重要.</p><p><br/></p><p>头条广告最高的时候有15000,最少的时候才几千.目前单条阅读量,普通帖子10000以内.头版10000左 右,好帖子转起来,四五万左右.</p><p><br/></p><p>问：这么高的流量,怎么没有顺便加个阅读原文? 您前期粉丝怎么增长起来的?</p><p><br/></p><p>答：总感觉阅读原文会导流,让其他帖子的浏览量降低.所以没有特殊情况都不加.</p><p><br/></p><p>开始我在本地给商家做微信平台和运营,积累了一些合作客户,关系都不错,等我微生活上线的时候, 我让他们帮我推了几次,导流过来不少人.</p><p><br/></p><p>我在河北省霸州市,隶属于廊坊地区,现在廊坊地区内的一半的县我都做了微生活,也用我的微官网和 加粉方案吸收了几个周边县市的加盟商.</p><p><br/></p><p>问：你们加盟是怎么做呢?</p><p><br/></p><p>答：加盟是靠微官网吸引,我提供微官网使用权,初期我负责给加盟商加粉到10000,每年收服务费.</p><p><br/></p><p>乐意加盟的都是本地乐意做自媒体的,我都是找其他县市做了一段自媒体,都是没有成功、还在迷茫的人合作加盟.大家共同打造地区内的联合营销,可以接一些大公司的单子.</p><p><br/></p><p>问：微官网很丰富,是如何构想出来的? 广告商如何谈的?</p><p><br/></p><p>答：微官网的目的就是商家互联互通,大家共享粉丝,共同推广.广告商都是业务员一家一家谈的,开始免费上,后来就收费了.</p><p><br/></p><p>能详细介绍下如何帮他们前期做好粉丝的吗?就是做到10000这块我本身是做微信平台第三方服务的,我利用技术扶植自己的商家成长,因为他们有顾客加粉很容易,再把他们的人导流到自己的号上.</p><p><br/></p><p>问：后期微官网广告费怎么收?</p><p><br/></p><p>答：微官网收费分3种.一是免费板块,例如:生日礼物派送,钜划算,每日优惠.这些是为了吸引用户多浏 览,所以商家只要有优惠送出,目前就免费上微官网.</p><p><br/></p><p>再有就是商家入驻微生活,就是下面的分类商家.收取一次性设计费960元,和展示费每月200-500.</p><p><br/></p><p>第三种是广告位,首页首图都是每月1000-2000,内页500左右.</p><p><br/></p><p>问：如果不交展示费,就给他删掉吗?</p><p><br/></p><p>答：商家不交费的,没有潜力的就下架了,有的还继续保留,为的是以后觉得有效就会续费,同时也是为了版面整齐,不过不续费的都会放后面些,交费的会排前面.</p><p><br/></p><p>问：自定义菜单里的功能用的多吗?</p><p><br/></p><p>答：自定义菜单目前用的不多,感觉是我引导的不够.以后我会加强这方面的引导.年前我会重点做服务项 目把点餐、叫车、便民热线做好.</p><p><br/></p><p>问：自定义菜单利用率不高,微官网的流量都来自哪里?</p><p><br/></p><p>答：新事物大家都有个好奇心,一家做了,同行业的都会尝试,我一般会让花了钱的觉得效果好.我会用群发带动微官网的浏览量.</p><p><br/></p><p>问：给客户制作的微官网,真正给客户带来效益了吗? 如何衡量?</p><p><br/></p><p>答：商家入驻了微生活,就会送群发一次,这样靠群发来导流.效益还是群发效果好,所以商家基本都是认 可的.</p><p><br/></p><p>问：如果不考虑群发,一个微官网一天的点击量大概多少UV?</p><p><br/></p><p>答：估计300-500吧.在微官网的服务和团购没有做出来前,浏览量应该上不去太多.</p><p><br/></p><p>年前的主要目标就是做服务项目,求职招聘、团购.</p><p><br/></p><p>评语：三十六行，行行出状元，在微信如火如荼的形势下，自媒体如果能够深耕细作，垂直专注，肯定能走出自己的商业模式。</p><p><br/></p>', 1521643116, 'admin', 0, NULL, 1, 116),
(57, 1, '网站制作有哪些方面要注意', '<p>网站制作一般注意的问题不是很多，传统的网站一般主要注意以下几点，</p><p>1、网站的编码格式，主要体现在于要么是gb2312或者是utf-8格式，主要因为有时上传网站的是utf-8格式，但是你本地的软件编码格式是gb2312格式，下载下来再软件中打开会把文本的合适默认为gb2312格式，然后上传服务器后会出现乱码等问题。</p><p>2、页面的制作尽可能的使用占空间小的图片，因为在网站打开的时候，有时会出现图片加载的很慢，或者加载不出来的情况，因为图片的占空间大小影响你网站页面的打开速度，可能客户看您公司网站，页面效果不是很快速的打开，就会失去看下去的机会，那么通常会关掉你公司的页面，去看别的网站，但是他的网速快就不存在什么问题了。</p><p>3、格局的清新整洁主要体现网站的排版是否美观，让人们看起开耳目一新，能够感觉是享受，那么您的网站就是做成功了，那么访问量高了就能使网站的排名提升。</p><p>4、网站的内容格局，比如文字的大小颜色，需要在网站制作时设置好，但是在后期的添加中文本框中也能设置文字的颜色及大小，还有图片的大小色彩，都是页面的后期添加应注意的问题</p><p>腾诺网络专注于网站建设5年，积累的上千家客户好拼，成为了网站建设的首要选择公司，</p><p><br/></p>', 1521716227, 'admin', 0, '/Uploads/2018-03-22/5ab38c0371b9c.jpg', 1, 47),
(58, 3, '网站制作的首选公司腾诺网络', '<p>腾诺网络作为西安网站制作中的一员，他以他本身优越的服务理念赢得了广大客户的热度好评，赢得了客户的信赖；腾诺网络 专注于网站建设5年之久，那么他作为西安当地的网站制作公司本身就具有哪些要素呢；</p><p>1、常年累月的客户积累量，不变的客户服务理念，</p><p>2、主要跟着客户的想法进行一系列的为客户着想，</p><p>3、技术支持会不间断的为客户的想法而努力；</p><p>网站制作就选西安腾诺网络，是您最佳的网站制作合作企业。</p><p><br/></p>', 1521716264, 'admin', 0, '/Uploads/2018-03-22/5ab38c286d321.jpg', 1, 128),
(59, 1, '公司做网站且不敢贪图便宜', '<p>公司做网站且不敢贪图便宜，虽然说现在网站制作技术是比较成熟的，网站在好多人心目中来说吧，这东西已经不值钱了，几百元就能做一个自己公司满意的网站不是问题，但是小编要说的是，作为网络公司的话，做大的成本支付就是人力成本，占到整个公司运营成本的60%左右了，养活这么多的人就是为你服务的，但是在做网站的时候价格那么低，后期服务不知道该怎么来做，这么现在小型网络公司所面临的一大问题，由目前网站制作市场是比较混乱的，下周乃好多个人也在这个市场上接活，造成了目前网站制作的价格非常便宜，从而影响现在的网络公司的很难维系和发展下去，有的时候忙活一个月，到最终发过工资没有多少了，作为网络公司的老板们，这个问题是无法回避的，也是需要面对和解决的问题，其实现在低端的网站制作市场已经没有什么利可图了，可以这样说，就是一个典型的鸡肋市场，弃之可惜，食之无味，面对这样的市场环境，好多网络公司都面临转型升级的情况。</p>', 1521814102, 'admin', 0, NULL, 1, 40),
(60, 1, '对于那些想做网站又不想太多投入的客户怎么办呢', '<p>对于那些想做网站又不想太多投入的客户怎么办呢？其实对于这个问题，小编在这里想说的是，针对这样客户的如果实在不想做的话就放弃，但是自己手上的网站制作活不是很多的公司来说，可以适当做做，一房卖你就当积累客户资源。另外一方面可以对于这样的客户适当的弄一些模板网站做做，其实在实际中，模板网站的利润换是非常可观的，因为一个模另板网站的话，一旦做成的话，可以无限次的复制出售，这样不仅仅降低的公司的工作量，也在一定的程度上对于这些低端客户的培养，以及客户资源的积累起到不可小觑的作用的，虽然现在这些客户是低端的客户，但是从长远来考虑的话，这些客户有可能就成为你的高端客户人群的，到那个时候，对于这部分客户开发成本是非常的低的，并且提前建立信任感，这样后期做起来还是非常的轻松的，另外只作为公司的话，不仅仅要有高端的客户为公司创造利润，而且换需要这部分低端客户为公司的生存创造现金流的，因为这部分低端客户的要求是非常的低的，只要是个网站，并且诶能工对公司的业务进行简单的介绍即可，所以对于这部分客户，作为公司的话，可以有区别的待会和开发，在未来的网站制作市场上，要面临不同层次不同概念的客户的，所以，毕竟有实力的公司不是很多，但是，像这些小规模的，公司的实力不是很雄厚的企业还是占到大多数，所以对于这部分客户，还是有开发的价值和意义的。如果你需要<a href="http://www.west518.cn" target="_self">西安网站制作</a>，<a href="http://www.west518.cn" target="_self">西安网站建设</a>的话可以与我们公司联系，专业的网络公司为你服务。</p><p><br/></p><p><img src="/ueditor/php/upload/image/20180323/1521816294985212.png" title="1521816294985212.png" alt="ada7ceb7e7306fa6b1dcab9467486601.png"/></p>', 1521816300, 'admin', 0, NULL, 1, 45),
(61, 1, '网站制作最近几年市场地位情况详解', '<p>网站制作最近几年市场地位情况详解，最近几年网站制作市场已经慢慢的发生根本性变化，尤其是在移动端大力发展的情况下，网站对于好多公司来说，都是可有可无的东西了尤其是在微信和小程序这样新兴移动端产品出现之后，更进一步对网站的市场地位进行撼动，让西安市场上的网络公司顿时压力倍增，本来是一个不怎样的行业，再加上这些新型产品的上线，对网站制作市场的冲击力还是蛮大的，不过这些网络公司也是在调整步伐，紧跟随市场变化和趋势，比如之前专门做网站的公司，现在不仅仅要制作网站，而且还在微信开发，小程序开发方面的投入逐渐加大投入，尤其是在技术研发方面的投入比较大，研发新的产品，紧跟市场的趋势和变化，另外在之前做网站就是单纯的电脑端网站，而现在不仅仅要制作电脑网站，而且手机网站也是紧跟其后，也成为公司的必备品了。</p><p>其实怎么说呢，在面对市场变化时候，作为网络公司不仅仅要满足客户的需求的前提下还需要加大对传统产品的更新换代，加大对新产品的研发，跟随市场的变化和趋势，只有这样，才能顺应市场的发展，才能更好地服务与客户，不被市场所淘汰。就目前市场的变化是一把双刃剑，对于有的网络公司来说的确是面临挑战的一件事，但是话又说回来，这为西安网络公司的发展提供了更好的机遇和发展前景，首先产品种类丰富了，创收的路子更广了。从而网络公司发展道路更加宽广了。</p>', 1522162295, 'admin', 0, '/Uploads/2018-03-27/5aba5a779b72e.jpg', 1, 292),
(62, 1, '网站制作的要求以及细节都应该注意什么问题', '<p>西安网站制作应注意哪些细节呢，首先，页面的排版符合后期的优化及页面的美观，在网站的制作中就大多数都是只注意页面的排版是否符合自己的想象，其次是后期的进价以及优化效果，但是有时有的页面的排版不利于优化，就好比，一个页面都是图片那么优化起来肯定不是很理想，因为那样不利于百度、360都浏览器收录，一般的优化的网站都是文字比较多那么能够强制百度、360等多个浏览器，那么页面中掩埋的关键词就是一个好的优化方向，那么细节注意起来就好注意多了</p><p><img src="/ueditor/php/upload/image/20180515/1526382011809384.jpg" title="1526382011809384.jpg" alt="timg.jpg"/></p><p>然而西安网站制作首选企业-腾诺信息技术有限公司，作为一家网络制作公司，它以独特的制作方式，优秀的售后服务赢得了广大的公司的信赖</p><p><br/></p>', 1526382023, 'admin', 0, '/Uploads/2018-05-15/5afabe78592b2.jpg', 1, 45),
(63, 1, '网站怎么制作的?', '<p>网站制作前期，首先要定好一个网站的主题，网站的总体风格，网站的结构、栏目的设置、颜色搭配、版面布局、文字图片的运用，材料的搜集等，只有把这些前提要素定好之后，才能开始制作理想的网站。</p><p>	网页制作时，前端工程师首先要对设计好的网站进行分析，有多少页面，页面的结构，可能需要的框架和模块，做好准备工作，根据网页制作出大的结构，然后由大到小，填充网页。每写一个模块时，首先脑袋里要有一个思路分为几个部分，每个部分应该怎么做，要有一个全局观念，同时在制作中要灵活运用模板和框架，有问题查找手册和官网，及时解决。</p><p><img src="/ueditor/php/upload/image/20180515/1526382063494736.jpg" title="1526382063494736.jpg" alt="timg (8).jpg"/></p><p>	网页制作时还有一些需要注意的小问题，比如div的命名问题，最好使用class来命名；代码的编写规范；代码的备注，毕竟不是每个人都拥有过目不忘的本事，并且后期维护的时候更方便，提高整体的工作效率和质量。</p><p><br/></p>', 1526382064, 'admin', 0, '/Uploads/2018-05-15/5afabe1bb4018.jpg', 1, 25),
(64, 1, '网站的制作条件？', '<p>制作一个需要虚拟空间、域名、以及动态网站的数据库，虚拟空间指的是存放网站文件，比如HTML文件，图片文件，PHP文件等，相当于一个硬盘；域名指的是访问网站的地址，在浏览器输入域名跳转到网站，域名非常重要，就相当于一个企业的名字，所以在域名的选择上一定要谨慎，起域名一定要言简意赅，能够代表企业；网络数据指的是访客提供的用户信息以及留言，并非指的是HTML文件或是图片信息，传统的静态网站是不需要的网络数据的，随着浏览器和W3C标准的提高，并且随着时代进步与发展，很少有企业做静态页面，所以动态数据已经应用广泛。</p>', 1526555827, 'admin', 0, '/Uploads/2018-05-17/5afd64ea38be5.jpg', 1, 34),
(65, 1, '网站的存储？', '<p>常见的网站存储有cookie,sessionStorage和localstorage，三者都用于存储网页数据，cookie在浏览器和服务器之间存储数据，而其他两个不会自动把数据发送给服务器，仅存储在本地；cookie的存储有大小限制，不超过4kb,而其他两个没有大小限制；sessionstorage用于会话存储，当网页关闭的时候会话随之关闭，数据也随之消失；而localstorage是本地存储即使页面关闭，数据也不会随之删除，除非手动删除；localstorage可以用于记载页面访问次数，sessionstorage可以用于记录页面中某个元素的点击次数，cookie主要存储用户和通过转译的密码以及网页中的一些信息例如图片等，平常应该用最广泛的就是cookie，编程人员经常说有事没事多删缓存，这个缓存指的就是cookie。</p>', 1526555867, 'admin', 0, '/Uploads/2018-05-17/5afd64db9394c.jpg', 1, 29),
(66, 1, '网站的好处？', '<p>随着时代的进步，互联网应用的广泛，很多的企业商家也非常的看好网络这方面的内在潜质，对于一个企业来说，有一个自己的公司网站，就是标配，能够宣传自己和旗下的产品，让用户在不了解自己的基础下，可以通过访问网站来认识企业，并且可以宣传自己的品牌；对于商家来说做一个商城网站，来售卖自己的产品，这样的做法有非常多的好处，减少了人力物理和财力，减少店铺的应用，减少人力的应用，并且借助互联网的影响进一步推广自己宣传产品，最大的成功案例就是某宝，通过线上线下的宣传，光棍节一天的营业额达到了几百亿；对于用户来说当知道一个企业想要进一步了解时，就是掏出手机输入名字，获取信息，所以，当下对于当下的企业来说，拥有属于自己的网站是必不可少的，刻不容缓的。</p>', 1526555919, 'admin', 0, '/Uploads/2018-05-17/5afd650fc8829.png', 1, 28),
(67, 1, '手机端网站的好处？', '<p>随着智能手机的应用广泛，这是一个人手一机的时代，当下90%的人想要了解一个东西时，就是拿出手机搜索相关内容，网站也不仅仅局限于在电脑上浏览，当适用电脑的网站在手机上浏览时，由于屏幕很小，网站阅读起来，会非常局限，而且浏览不全面，并且需要用户不断的操作，降低用户的体验度，并且网站也会非常不美观，所以这时候就非常需要做出适配于手机端的网页，不仅是为了紧跟时代潮流也是为了提供更好的用户体验，可以让用户随时随地的访问网站，并且使用手机浏览网页速度会更快于电脑端，所以对于企业来说网站的移动化推广是必须要实现的。</p>', 1526555942, 'admin', 0, '/Uploads/2018-05-17/5afd65269394c.png', 1, 31),
(68, 1, '手机端网页的弊端？', '<p>因为屏幕大小的问题，网页中的文字图片会变得精简，文字整体比pc端网页内容少，用户要了解更多的话，可能需要多操作，很大程度上降低了用户的体验度；手机端的网页效果会不如电脑屏幕端的，在电脑上一些炫酷的效果因为整体大小问题可能不能表现出来，即使一些复杂的效果添加到手机端网页上，他的呈现也远远不能达到预期的效果，而且在手机端上加载速度也会变慢，这是在用户体验方面的一大弊端；手机端上的排版也不如电脑屏幕端上排版，排版主要讲究大气，美观，简洁，但是因为手机的局限性，网页排版效果远远不如电脑端，在美观上会降低一个层次，手机端网页是因时代潮流和进步产生的，虽然能达到基本的目的，但是它所呈现的效果远远不如电脑端。</p>', 1526638904, 'admin', 0, '/Uploads/2018-05-18/5afea938608f3.jpg', 1, 36),
(69, 1, '网站制作流程？', '<p>网页制作的流程分为几步，第一：前期技术与客户的沟通，网页所要做的主题，方向，这个基本上在合作时不会花费太长时间，因为在合作前，客户已经想到他想要做一个什么网站，主要沟通网页的大致风格，主调颜色，这两个在前期挺重要的，一个网站的风格与主调颜色其实会决定你的主要受众人群，就像一件迷你裙，它所适用的就是年轻女孩，目前网站的风格主要是能够新颖一点，时尚一点，毕竟在科技这方面年轻人所占的比重挺大的，再一个就是排版和样式，排版和样式是最需要沟通的，一个网页的布局在用户看来直接决定你的网页是好还是不好，在这个方面一定要和客户多沟通多交流，尽量都能根据客户的要求来完成，达到理想的效果，前期的框架搭成之后，接下来就是技术了，前端人员根据提供的框架完成网页静态页面，后端程序人员完成整个网页的程序，基本网页就是制作成功了，上线之后网页就是全部制作成功了，但是一个好的网站，不仅要制作完成后期还要更多地维护。</p>', 1526639030, 'admin', 0, '/Uploads/2018-05-18/5afea9b666481.jpg', 1, 41),
(70, 1, '网站需要电脑手机一体吗？', '<p>当然需要，这个是毋庸置疑的，在当今这个时代潮流下，网页制作时必须电脑手机一体的，如果企业想更大范围提高自己的知名度，以及宣传力度网页是必须要制作的，并且如果想客户能够不论何时何地都可以访问网页，手机端现在也是必不可少的，因为手机现在广泛普及，手机端的网页在某种程度来说比电脑端的网页访问量还要高，所以在制作时手机的网页甚至要比电脑网页还要更加用心，在费用上面，制作一个手机端的网页也不会说非常昂贵，主要还是看网页的功能和制作难易程度以及周期。随着社会的进步，电脑手机端网页已经不能满足了，在微信APP方面市场也已经慢慢成熟开阔起来。</p><p><br/></p>', 1526639053, 'admin', 0, '/Uploads/2018-05-18/5afea9cda6e49.jpg', 1, 39),
(71, 1, '一般企业网站分为几种？', '<p>企业网站的种类一般根据企业的需求来划分，第一种，标准型的企业网站，也是做常见的网站，网页的内容比较中规中矩，简单，整洁，不繁琐的介绍了公司以及公司的产品。很清晰的想访问用户传达企业的信息以及产品，没有很强的突出感和绚丽，适用于一般的小企业，工厂，学校等，第二种就是展示型网站，展示公司的品牌，这种网站一般要求网页要不仅要介绍企业还要非常具有视觉性，要具有一定的高端能力，看起来非常的大气高端上档次，要能给访问客户带来一种公司非常气派的感觉，这类的网站就适用于一些非常大型的企业，珠宝奢侈品之类的网站；第三种网页就是营销型的网页，向用户传达公司的信息，产品的简介，通过营销的方式向让用户产生购买欲，这类的网站就主要体现产品部分，要能够吸引人眼球，网站要简洁，清晰，快捷，提高用户的体验度，减少用户操作时的麻烦。</p>', 1526725264, 'admin', 0, '/Uploads/2018-05-19/5afffa900c65d.jpg', 1, 31),
(72, 1, '网站的制作周期？', '<p>网站的制作周期最少不到半个月，最长以年为单位，网站的制作周期主要看网站的规格，作用，效果，一般的标准网站，就是一些介绍企业和旗下产品的网站制作周期一般不会超过一个月，如果是专业的网站制作公司来做，他们肯定会有一些模板，制作周期就在半个月左右，甚至更少；展示型的网站，一般网页对网页的展示效果要求不较高，要给人带来视觉享受，这种网页一般在制作前期时就会花费很长时间，企业与技术不断不断地沟通，最终制定方案，在技术制作的时候，如果没有模板可参考，新颖的一些动态效果以及数据操作也会花费很长时间需要技术不断地讨论来实现，周期还要看技术的专业能力，一般在三四个月左右；再一种商城网站，就淘宝来说，如果现在找一个制作公司来做，那工作量可是惊人的，没人能保证制作周期，他在页面上的绚丽效果其实要求没那多，相反希望能简洁一些，让用户操作起来不那么麻烦，主要就是因为他对数据的操作，一个商品详情页面既要做很多的操作，中间的沟通更不用说，所以这类的网站制作周期会比前两个都要长。</p>', 1526725285, 'admin', 0, '/Uploads/2018-05-19/5afffaa52160e.jpg', 1, 42),
(73, 1, '网站的制作后期？', '<p>我们在网站制作的同时，不能够忽视后期，网站后期的服务以及后期所要做的所有工作，才是一个网站制作的完整过程，网站的制作前期完成后，包括网站的前端编写以及后端完成，接下来的工作就是网站测试，网站上线，网站优化，测试时，测试人员要将网页放在测试空间，一个一个页面认真检查，避免上线之后出现的任何bug，将bug扼杀在摇篮里，再一个就是添加内容，上线之前添加与网站主题相对应的内容，以防网站上线之后，没有内容，非常空洞，搜索引擎上的排名就会非常差，其实这一步就是优化了，优化人员添加关键词与内容，上升网页在搜索引擎上的排名，所有准备工作做完之后，项目就可以上线了，购买域名与服务器，这两者非常重要，域名就是一个网站的招牌，一个企业的招牌，一个好的服务器直接影响了用户的体验度以及网站的安全，比如服务器宽带好，网速就非常好，一个好的项目离不开所有工作人员的努力，一个好的项目就会有好的结果，好的结果就代表了所有人的努力都是值得的。</p>', 1526896274, 'admin', 0, '/Uploads/2018-05-21/5b0296928a486.jpg', 1, 20),
(74, 1, ' 微信应用的流行？', '<p>不论是微信公众号还是微信小程序，都验证了微信应用在我们生活中的火爆程度，微信在去年的时候最流行的是微信公众号，大到企业，媒体，学校，小到商户，工厂，各行各业，形形色色的企业在一段时间内都拥有了自己公众号，公众号不仅扩大了企业的知名度，提高了企业产品的宣传力度，毕竟在这个时代，微信可谓是每人都拥有的社交软件，他的商业价值可是不可想像的，而在今年，微信小程序的火爆程度可谓是超越了前者，微信小程序的开出来的时候本人也在玩，属于闲暇时间停不下来的那种，工作原因搁置里一段时间，直到前段时间，微信小程序可谓是每个微信用户娱乐闲暇生活必不可少的东西，微信群里经常有朋友分享的小程序，火爆程度堪比某手游，丰富了生活也增进了朋友感情，他的商业价值比现在微信任何一个应用程序都要高，所以有想法的客户一定要抓住时机，时机不等人。</p>', 1526896298, 'admin', 0, '/Uploads/2018-05-21/5b0296aa2887f.jpg', 1, 45),
(75, 1, '网站的制作费用？', '<p>网站的制作费用根据网站的规模，需求等来决定，委托公司俩做的话，一般的标准型企业，介绍公司以及公司产品，要求相对来说低一点的就是三千到五千，商务一点或是销售型的网站就是五千上万左右，再大型一点的，就是好几万，不同的公司报价也都不同，最主要还是看客户通过与技术部门的对接，网站想要做成什么要的规模，以及网站所要实现的效果，大体的价格就是上述所说的，一般浮动不会太大，网站的收费还包括，域名，服务器，以及网站做成之后后期的维护，域名的注册费用是年来收费的，像一般以.com或是.cn结尾的差不多都是不超过80元。虚拟主机或服务器的费用，一般都是小网站，都是用虚拟的，这个也是按年来收费的，价格也在200元左右，服务器挺重要的，不要为了贪小便宜购买便宜的。综上所述就是一个网站的大体制作费用，结合自身要求选择合适的方案。</p>', 1526896319, 'admin', 0, '/Uploads/2018-05-21/5b0296bf50d2e.jpg', 1, 105),
(76, 2, '网站的后期优化？', '<p>网站的后期优化也是网站制作的一部分，并且非常重要，网站进行有效的后期优化，可以直接决定网站的流量关注及访问量，访问量提升就代表业务也会提升，第一，首先要收集好关于网站的服务以及产品的关键词，网站的标题，就是表示你的网站是做什么的，要贴切你的网站，不要出现和网站不相关的东西，搜索引擎只收录相关性强的东西，如果你的标题出现内容差异较大的，搜索引擎就不会收录你的网站，因为他会觉得的你的网站不是专业的，关键词的布局也非常重要，关键词的布局能够使每个网站紧密的连接在一起，这样才能让搜索引擎更多的收录网页，还有就是要对网页进行原创内容的填充，必须是围绕网页的的原创内容，这样才能更加有效的优化，后期优化是一个漫长的过程，他需要不断对网页进行观察，补充才能达到优化的效果，在优化这方面如果委托一个制作公司来做的话，他的费用也不会很高，并且可以非常有效的对网页进项优化。</p>', 1526984747, 'admin', 0, '/Uploads/2018-05-22/5b03f02b15b23.jpg', 1, 39),
(77, 1, '怎样选择一个服务器？', '<p>服务器现在大部分人应该都不陌生，它是用来保障我们网站的正常运行，以及网站的稳定，一个好的服务器直接决定了网站的性能以及网站的安全以及用户体验度，选择服务器时，应该注意几点，第一，服务器的性能，网站能否正常运行，就要看服务器的性能是否稳定，一个服务器性能差，即使他再好的配置也不能保证网页的正常运行，还能用户减伤大部分的维修费，所以服务器的性能一定是首选的标准，第二，服务器的配件，这一点一定要专业人示来看，服务器再好，他的零件是次品，那他得性能也会慢慢地下降，再好的马，马鞍不行，驾驭者也不能一直驰骋，还有一点就是服务器的扩展性，网站肯定会不断的开发优化，服务器也要跟上节奏，不然服务器肯定会被淘汰，费时费力又费钱，选择一个服务器标准基本这三点，如果你是委托公司来做网站的话，其实服务器就可以用他们的，毕竟他们肯定比自己专业，避免自己少走弯路，少入坑，后期网站的维护也可以交给他们来负责，方便且省力。</p>', 1526984779, 'admin', 0, '/Uploads/2018-05-22/5b03f04b328b7.jpg', 1, 31),
(78, 1, '网站的前期制作很花费时间吗？', '<p>这个问题的答案取决于客户所要做的网站，网站的制作前期就是制定计划，网站设计，材料收集，这几个所花费的时间就是前期所要花费的时间，而这个三步里面要做的工作非常重要，考虑的因素也非常多，在网站设计方面，基本上每个制作公司都会有这样的模板，可以让客户根据自己的爱好按照选择，如果客户有自己要做的风格，那就需要设计人员在前期不断地与客户进行交流，如果客户有自己想要做的计划，那就好办，如果没有，这是一个很烧脑也很费时的过程，技术人员一定要和客户多多交流，尽最大的努力制定出让客户满意的方案设计，不论是网站的整体风格，网站的规格，网站的主调颜色，还是网站要完成的动态效果，一定要面面俱到，材料的收集其实也不难，制作公司收集和客户提供，这些都花费不了不多时间。只要设计的工作做完，前期的工作就可以说大部分完成了，一定要找一个负责任，工作志趣相投的公司，西安嘉瑞德网络科技有限公司可以说得上是不二人选，欢迎有需要的客户致电。</p>', 1527073441, 'admin', 0, '/Uploads/2018-05-23/5b054aa155d4a.jpg', 1, 31);
INSERT INTO `think_news` (`id`, `category`, `title`, `content`, `time`, `author`, `is_delete`, `imgPath`, `tuijian`, `liulan`) VALUES
(79, 2, '西安网站制作的需求', '<p>西安网站制作大体分为主要几点，首先：</p><p>一、跟客户的进行沟通，把客户想要的表达的意思和需求进行记录，并且跟客户进行网站风格的定位，例如，是传统的中式风格合适美式风格，是有利于后期的优化还是有助于后期的进价，二、进行页面的设计，把客户的需求按照排版在设计中体现出来，进行页面的布局和风格的调整，商品的表现形式，和商品的摆放位置的调整，三、跟客户进行二次沟通确认设计的内容是否完善，功能是否完整，和一些小的改动要求进行完善，四、前端根据页面的设计进行代码的抒写，还有页面特效的体现，以及布局的操作，还有就是进行图片的裁剪,功能的添加，页面是否跟设计图能够完美的柔融合，五、交付后台进行数据的传输，后台列表的体现，功能的添加，商品的增删改查，前后台的交互，六、页面的内容添加，使页面的充实起来，检查页面中代码和数据的漏洞进行修补，七、跟客户进行网站的交接，并且小问题的检查。西安腾诺信息技术有限公司专注也网站建设，网站优化有着多年的经验，深受客户好评。</p><p><br/></p>', 1527073850, 'admin', 0, '/Uploads/2018-05-23/5b054c3a125bb.jpg', 1, 25),
(80, 1, '网站域名的具体注册流程？', '<p>一个个人或者是企业想要建造一个网站，就必须需要一个域名，域名就相当于一个网站的名字，非常重要，在选择网站域名的时候，一定要起得言简意赅，能够代表自己网站的名字，目前一般的域名就是使用网站的英文名称或是拼音名称，只要当别人看见时就能知道是你的网站，你的名字就起的很成功了，注册域名的步骤其实没有那么繁琐，简单给大家介绍一下，第一，先找到一个提供域名购买的网站，比如万网，百度云，阿里云，腾讯云，其中百度云的价格稍微变贵一点，但是一分价钱一分货，阿里云还是比较可靠的，不论在办理速度还是后期售后都是比较好的，第二，填写域名，将自己想好的域名放在搜索框里，先看看有没有注册过，因为域名是全球唯一的，如果是国际化的网站就以.com结尾，如果只是想在国内有业务就办理一个以.cn为结尾的，更划算一点，确定之后就是购买，在这里有一点需要注意，域名不是像火车票一样，可以预定，如果选好了就尽早购买，否则有可能别别人抢走，先下手为强，这就是注册域名的步骤，希望对大家有帮助。</p>', 1527159902, 'admin', 0, '/Uploads/2018-05-24/5b069c5f7e1f9.jpg', 1, 37),
(81, 1, '网站后期优化的好处？', '<p>一个网站的制作，后期的优化必不可少，因为一个好的后期优化可以提高网站在搜索引擎上的排名，排名上升，意味着搜索的用户能最先看到你的网站，这样企业的知名度就可以大大的提高，相应的业务也会提高，所以后期的优化必不可少，就是一种网络营销，一种技术手段，网络营销还有几点好处，第一，他的花费成本很低，注意就是优化人员的薪资，如果网站是让一些中小型的企业所做，那么让他们负责这样成本会更低，第二，搜索引擎上的排名都是通用的，不论是谷歌，百度，还是360，所有的搜索引擎只要一个上升，其他的也都会上升，第三，点击的时候不用付费，不论点多少次，他都是不计费的，不用担心会被某些人恶意点击，甚至这样跟好，反而会提高我们的网站排名。成本不高，优点多，为何不呢？<br/></p><p><br/></p>', 1527159953, 'admin', 0, '/Uploads/2018-05-24/5b069c91bd8af.png', 1, 45),
(82, 1, '网站制作公司', '<p>近几年来网站制作公司蓬勃发展，时代社会的影响，我们的生活离不开网络，网络上的功能逐渐取代了我们的生活，网络上的市场潜力逐渐强大起来，网络制造公司也像如露甘霖，一个个都兴起了起来，几乎所有的行业企业都有自己的网站，甚至是一些个人他们都拥有属于自己的网站，通过网站可以推广自己的企业和旗下的产品，成本少，并且收益还大，还能快速的扩大宣传力度，所以，企业选择一个不错的网站建设公司，丰富的专业知识，可以为企业量身定制属于自己的网站，并且解决其中可能出现的一切问题，售后也非常的完善，并且很划算，如果一个公司自己成立一个技术部专门做网站开发这方面的工作，不是一个很明智的选择，毕竟经验有限，很多问题不能够很完善的解决，网站制造公司是一个非常不错的选择，腾诺信息科技有限公司就是一个不错的选择，具有丰富的网站开发经验，尽力为客户解决问题，换有兴趣的公司致电</p>', 1527243895, 'admin', 0, '/Uploads/2018-05-25/5b07e4779c2a0.jpg', 1, 21),
(83, 1, '如何做一个吸引人眼球的网站？', '<p>每一个网站制造公司，每一个企业都希望自己的网站在众多网站中脱颖而出，能够一下吸引人眼球，能够最大限度发挥网站的优势，达到推广，宣传的作用，而要做一个这样的网站也绝对不是一个简单的事情，总结了一下几点，第一，网站的排版与布局，一个新颖的网站排版就能让用户眼前一亮，网站的排版风格还要看品牌的风格，最大限度的贴合品牌的风格，简介还是时尚，排版设计还需要有经验的人来，知道用户的需求，什么样的内容应该放在什么样的地方，才能够满足用户的需求，第二，网站的图片，如果一个网站的排版布局造就了一个网站，那么一个网站的图片就相当于是如虎添翼，一个高品质的清晰大图绝对能够吸引一个用户的眼球，图片的选材上面也一定要用心，选用高端大气上档次的图片绝对是正确的，第三，网站的动态设计，一个网站的动态设计就能是一个网站看起来更加的丰富，更加的炫酷，能够提高整个网站的用户体验度，，但是也不能滥用动态效果，不然就会显得很繁琐，不够简洁，像几个东西胡乱拼凑起来的，做到这几点，就一定能够做出一个优质的网站。</p>', 1527243928, 'admin', 0, '/Uploads/2018-05-25/5b07e498c2c9b.jpg', 1, 40),
(84, 1, '  西安网站建设公司网站优化的情况', '<p><span style="white-space: pre;">	</span>目前西安的网站建设一般是纯网站建设和带优化网站建设，但是根据目前网站建设的行情来看，在西安做纯网站建设的企业公司已经不多了，因为客户的要求也不仅仅存在一个只需要网站的层面，他需要一个完整的体系，不仅要求当下网站的好，并且在后期当网站出现的问题的时候，能够有了解网站的公司快速有效的解决问题，站在制作公司的角度来说，制作纯网站的利润还是很局限，所以网站建设带优化是一种对双方都好，互惠互利的方案，网站优化的价格其实也不高，并且，网站后期优化是一个需要长期去的工作，现在每个行业的每个企业都有属于自己的网站，竞争非常激烈，很有可能公司好不容易做上去的搜索引擎排名稍不留神就被其他公司给超越代替，这就是一直强调的网站后期优化的重要性，西安腾诺信息技术有限公司是在网站建设和网站优化有很多经验的公司，以专业的态度，熟练地技术，为客户制作属于自己的网站，欢迎有需要的企业致电。</p>', 1527328987, 'admin', 0, '/Uploads/2018-05-26/5b0930db3c8ee.png', 1, 26),
(85, 1, '为什么网站没有排名，怎们解决？', '<p>网站制作上线了一段时间，可是在搜索引擎上一直没有排名，公司也一直在做后期优化，排名就是上不去，这是为什么呢？我们做网站的最终目的就是能够达到网络营销的效果，网站一直没有排名用户也就看不见网站，没有达到目的即使网站做成了，他也是失败的，接下来为大家整理一下为什么网站上不去的原因，第一点，网站的原创内容，我们在添加网站内容的时候，一定要是原创内容，不能在搜索引擎上直接粘贴复制别人的内容，这是搜索引擎一直所打击的一种情况，搜索引擎他也要考虑他的用户体验度，如果大家都是一样的内容，这对于用户来说是一个很排斥的现象，并且搜索引擎也会不定时的调整自己的内部算法，严厉打击这种现象，第二种，关键词的部署，关键词也是影响排名的一个因素，关键词在部署的时候一定要连贯，要对应，尤其是内部的链接，不能胡乱堆砌关键词，做好连贯工作更有利于搜索引擎的对网页的收录。</p><p><br/></p>', 1527329007, 'admin', 0, '/Uploads/2018-05-26/5b0930efe3ed9.jpg', 1, 42),
(86, 2, ' 网站建设前需要做好那些调查？', '<p><span style="white-space: pre;">	</span>一个网站建设前需要做很多的前期工作，你需要去认真了解你所做的产品需求和和他的目标人群，并且要进行一定的用户体验，调查用户体验的感觉，这样才能做出一个贴近用户的满意的产品，前期的工作肯定必不可少，前期的工作要注意哪些方面的呢，第一，用户体验，获取资料，我们要通过用户体验获取到用户喜欢什么，讨厌什么，对于这个产品他们所期望的都有什么，当然要搜集到大量的信息，获取到这些信息，至少在用户体验这方面可以过关了，同时，我们要收集更多的产品资料，这方面不用太过于担心，这个从客户那边获取就可以了，他们肯定知道什么样的资料能够表达他们的产品，什么样的资料能够吸引用户，第二点，可以去对比同行一些比较好的网站，看他们在网站内容里面突出哪一块，避免哪一块，怎样的布局，怎样的风格，怎样的效果，把自己想象成用户，看看哪里是可以值得吸取的经验，我们的前期工作一定要做充分，这样才能在建设的时候做到游刃有余。<br/></p><p><br/></p>', 1527501927, 'admin', 0, '/Uploads/2018-05-28/5b0bd4673ccbf.png', 1, 29),
(87, 1, '网站中的留白', '<p><span style="white-space: pre;">	</span>建设一个网站，客户肯定希望能够多多的添加自己企业的信息和网站的信息，通过这些内容撑起来自己的网站，但是，页面如果过多的展示内容，整个页面会显得非常的拥挤，繁琐，让人看起来非常的有紧迫感，没有立体感，留白其实是一个非常具有艺术性东西，图片的空间，文字的空间，都能使网页看起来干净大气，并且简洁，留白不是说给网页空出很多的空间，它说的其实是距离，模块与模块之间的距离，图片与图片之间的距离，文字与文字之间的距离，有一定的距离，就能够将网页变的和之前完全不同的风格，其实有很多这种主打简洁，大气的网站，就比如说我们做长使用的百度，他的页面就非常简洁，有大量的留白，给人一种很大气又不会觉得内容很少的体验，现阶段这种效果是非常流行，并且非常的高大上，留白一定要把握尺度，毕竟物极必反。<br/></p><p><br/></p>', 1527501959, 'admin', 0, '/Uploads/2018-05-28/5b0bd487cdfe6.png', 1, 25),
(88, 2, '网站的内容', '<p>现在很多的网站的网站建设都以用户体验度为第一准则，一个网站的受欢迎程度主要取决于用户的好感度，制作一个网站以这个为出发点是非常好的，一些公司制作网站它会以简洁大气的排版吸引人，一些会以网站的炫酷效果吸引用户，做好这些也固然重要，但是最重要的网站的内容，俗话说的好，一个人重要的不是外在美，重要的是她的内在美，网站也是如此，不仅要有华丽炫酷的外观，也要有充实饱满的内容，用户查看网站，最先看到的就是外观，通过外观先吸引客户，接下来用户肯定要查看他的想要获取的信息，能不能通过信息留住客户，这才是重中之重，不然反而会让客户觉得网站不专业，产生不好的评论。用户通过搜索内容获取自己想要的信息，这个信息一定要贴合度高，传送准确，这样才会让用户满意。网站的内容是网站的灵魂，一定要做好这部分。</p>', 1527588823, 'admin', 0, '/Uploads/2018-05-29/5b0d27d7848f8.png', 1, 34),
(89, 2, '网页的设计', '<p>网页的设计，要能充分的抓住用户的眼球，有突出的观赏性，网页设计就是将客户所要表达的主题与产品将相应的风格，以及排版在网页上表达出来，网页的设计并没有想象的那么简单，首先要找到能够契合客户的产品的风格，比如，做一个美食网站，美食的网站颜色就要很丰富，但是不能花里胡哨，颜色的搭配一定要合理，这就是一个难点，网站的内容也要丰富，美食网站肯定是一个用美食撑起来的网站，一定要丰富，不能很单调显得冷冰冰，这就是需要设计人员考虑的东西，网页的设计还要结合当下的流行趋势，比如说当下的流行颜色，比如今年流行的浅紫色，就有很多新出的网站采用了这种颜色，毕竟使用互联网的用户还是年轻人居多，时尚的元素更能吸引他们的眼球，现在与很多的网站会采用海报来填充网页，网页会很饱满和充满画面感，海报的选取同样非常重要，所以网页的设计并非那么简单，他是一个网站的门面，对于网站和企业都是非常重要的。</p>', 1527588888, 'admin', 0, '/Uploads/2018-05-29/5b0d281822180.png', 1, 37),
(90, 1, '移动端的网站需要注意哪些问题？', '<p>前几年互联网飞速发展，很多企业都专注于电脑端网站的建设与推广，这几年，移动端也是飞速发展，各种APP，微信平台，都层出不穷，火速的席卷了互联网，企业也从之前的电脑端逐渐的向手机端转移，利用这种更方便，随时随地都可以阅览网页的优点来推广营销，纷纷都建立了手机端网站，但是手机端在很多方面都存在一些不足，最直面的就是因为屏幕大小的问题，两者之间肯定存在一些差异性，到底在建设手机端网站应该注意什么问题呢，接下来就为大家整理整理，第一，就是手机端的视觉效果，要让用户在看到第一眼就对网站充满兴趣，看用户能否对网站的内容产生兴趣就要看网站第一眼能不能够吸引别人，第二，网站的内容要精简，手机端就是不同于电脑端，他不能够把网站的内容全部的表现出来，所以就要抓住重点，无论是导航还是网页内容，都要简明扼要，现在当下的人对文字都有一种阅读疲劳，并且手机端的速度不如电脑端那么快，很容易消耗用户的耐心，所以简洁为主</p>', 1527664818, 'admin', 0, '/Uploads/2018-05-30/5b0e50b245db4.png', 1, 40),
(91, 1, '电脑端网页与手机端网页一些隐性的区别？', '<p>电脑端网页与移动端网页除了我们直观上看到的不同，其实还有更多隐性的一些区别，为大家整理整理，第一，在电脑端上网页经常会有一些弹出来的联系窗口，可以点击直接与客服联系，还有些广告，但是这些在手机端上都不适用，因为手机端的界面本来就比较小，加上弹出框会影响用户的阅读效果，并且会让用户觉得很厌烦，而且，这样也会影响和手机端的速度，用户体验度会非常差，所以是一个非常不明智的选择，第二，在电脑端上，经常会加上一些好看时尚的大图去增加视觉效果，但是，手机端不能这么做，因为图片会展局更多的页面，但是图片太小又不清晰，如果非要加载一些图片，可以采取整站缩放的模式，这样用户就不用点击单张的缩放模式，第三，手机端的网站链接跳转尽量采取当前页面打开，这样能较少手机端跳转的速度，其实手机端相比电脑端有很多的不足，但是如今移动端非常盛行，也许不就得将来，他能优化的可更好。</p>', 1527664860, 'admin', 0, '/Uploads/2018-05-30/5b0e50dcf3a9e.png', 1, 42),
(92, 1, '网站与品牌？', '<p>目前，线上网站的竞争其实就是各个企业品牌的竞争，一个良好具有知名度的品牌对网站的运营非常重要，并且它会直接影响网站的关注度以及受访度，就是说，企业与品牌和网站是直接挂钩的，企业品牌好，网站阅读量肯定好，网站阅读量好，那品牌的相关业绩肯定也会变好，就如说，现在最火的某宝，刚开始人们肯定也不知道他是干什么的，后来人们发现某宝的优点，在这个互联网时代，一下他的知名度就提高了，那么肯定会有人去搜索它，就是这样一个循环，品牌带动网站，网站带动品牌，相辅相成，打造一个好的品牌这当然是企业该做的的事，如何在网站上帮助企业打好品牌就是网站建设公司的事，其实最常见的一种方法，增加品牌在用户心理的可靠程度，经常会见到一些网站上会出现打击造价产品，支持正版等字样，这样就会让用户觉得这个品牌是一个很正规的品牌，好感度一下就上来了，也避免使用第一人称，就写上公司名称，加固品牌在用户脑海中的印象，网站与品牌相辅相成。</p>', 1527740233, 'admin', 0, '/Uploads/2018-05-31/5b0f774971b9c.png', 1, 72),
(93, 1, '静态页面与动态页面的区别以及优缺点', '<p>网页分为静态页面和动态页面，静态页面就是不论何时何地搜索到的内容都是一样的，动态页面就是与其相反，常见的例子就是咱们的更新功能，静态页面呢，他就是说每一个网页都是一个独立的文件，他的内容也会相对的比较稳定，也很容易被搜索引擎所收录，但是静态页面就是没有数据库，它在制作方面还有维护方面工作量会非常大，一个网站如果有大量的数据依靠静态页面真的会非常困难，就是说，如果客户想在网页里添加一个数据，那么就需要技术人员重新写一个网页，这样会很麻烦，对技术和对客户都不是一个很好的方案，动态页面不是说有动态效果动画那些就是动态页面，只要是采用动态技术都是动态页面，动态页面就是用数据撑起来的，所以在制作和维护方面都非常的方便，它和静态页面就是完全相反的，网页不是一个独立的文件，客户如果想添加一个数据完全可以自己动手简单几步就可以完成，但是静态页面在搜索引擎上不是那么容易被收录，必须要采取一些相应的措施才可以。现在大部分的网站都是动态网页，并他在工作量和后期维护方面具有很大的优势，缺点也有相应的措施可以改善。</p>', 1527740260, 'admin', 0, '/Uploads/2018-05-31/5b0f776484cc9.png', 1, 81),
(94, 2, '网站虽然好建造，但是有几点千万不能碰', '<p>如今是一个信息化的时代，企业需要在互联网上共享出自己的信息，让有意向的人可以了解到自己的信息，增加自己的客源，网站这几年覆盖量是最广泛和应用最广的，相比起APP它能更加的方便，如今大部分的企业都需要自己的网站，这几年网站的发展速度非常的快速，技术可以说已经非常成熟，西安腾诺信息科技有限公司，具有丰富的网站建设经验，接下来为大家总结一下，在网站建设的时候有什么问题是绝对不能犯的，第一，域名未实名制，国家规定网站域名必须要有真是的注册人姓名等相关信息，如果没有实名制，相关机构会暂停解析域名，并关闭域名下的所有的网站以及相关邮箱。第二，网站未备案，为了防止有些不法分子在互联网上传播不良信息和非法的经营行为，网站必须要进行备份，如果没有备份，被查出来网站就会被关停，第三关于网站里的侵权问题，侵权问题一直存在，这几年出现很多的字体侵权的问题，有些人可能不了解这是有包含著作权的字体就使用，后果就是会收到版权方的侵权诉讼。建设网站有很多需要注意的问题，西安腾诺信息科技有限公司，致力于为用户制作专业放心的网站。</p>', 1527837291, 'admin', 0, '/Uploads/2018-06-01/5b10f26b704b8.png', 1, 32),
(95, 2, '移动端互联网时代，有哪些营销方式', '<p>如今是移动端互联网时代，为了迎合客户的需求，又可以让客户随时随地的访问网站，企业已经逐渐从之前的PC端转移到移动端，很多的产品，服务，用户都可以直接通过手机获取到信息，所以越来越多的用户都开始注重移动端的营销，接下来就为大家整理一下现在比较普遍并且有效的移动端营销方式，第一，IM营销，又称为即时通讯营销，有两种方式，第一种就是现在当用户打开一个网站的时候，会弹出一个对话框，用户在浏览的时候有什么不懂得地方，可以直接通过客服结解决问题，第二种就是通过手机将信息发送到手机上，让用户可以了解。第二，社交软件营销，QQ，微信，微博，通过这些社交软件来扩大自己的知名度，一传十，十传百，社交软件的营销速度是最快的，第三种，就是通过广告的方式来扩大自己的知名度。还有很多种方法，不论是什么方式，只要能达到宣传营销的目的，就是好方法。</p>', 1527837318, 'admin', 0, '/Uploads/2018-06-01/5b10f2860fbc5.png', 1, 93),
(96, 1, '关于营销型的网站在制作的时候应该注意哪些问题', '<p>由于互联网的快速发展，很多的传统网站，以及一些新的企业纷纷把线下营销改为线上营销，而网站作为企业品牌产品的主要推广方式，所以一定要具备推广营销的功能，为客户带来收益，为用户带来良好的体验，获得更多的咨询，完成产品的销售。建设一个营销型的企业网站，有很多要着重注意的地方，接下来为大家说明一下，第一，在建立之前，一定要明确产品的目标群体，以及受众群体，，这样才能根据需求来制作合适的网站，营销型的网站在第一眼就要能抓住用户的注意力，要让用户有继续看下去的欲望，所以在设计这一方面一定要出彩，第二，一定要具备后期优化功能，网站要不断的进行对外的推广，所以后期的优化一定不能少，用户搜索的时候一定是要搜索自己想要的东西，这也是搜索引擎的目标，让用户搜索到有用的东西，网站想要有一个好的排名，这个优化一定要是长期的，这样才能在搜索引擎中常胜不败。营销型的网站还有很多要注意的地方，之后也为大家多度的整理，西安腾诺网络科技有限公司，为客户打造最优质的网站，欢迎致电。</p>', 1527924330, 'admin', 0, '/Uploads/2018-06-02/5b12466a4931c.png', 1, 25),
(97, 1, '所有的类型网站在建设时都应该着重考虑的问题', '<p>不论是普通的企业网站，还是营销型的网站，两者的区别虽然很大，但是他们也都是网站，有不同点就会有相同点，接下来为大家整理一下各种网站在建设时候都必须要着重考虑的因素，第一，用户体验度，客户会根据自己的需求搜索相关的品牌信息词，这时候网站就会排列出来，在众多的网站中脱颖而出不是一个很简单的事，这一点就突出了之前所说的搜素引擎的排名问题，排名越靠前越有优势，用户点进网页之后，如果他感觉良好就会一直看下去，体验不好，就会直接退出去，所以，用户的体验度非常重要，很大程度上决定了品牌的营销程度，第二，网站的监控管理功能，这个就是记录网页的点击量，还有跳出率，这些数据都要手机起来，然后进行分析，有问题的即使改正优化，网页的建设每一步都非常的重要，不能马虎，西安腾诺网络科技有限公司，为客户打造最优质的网站，欢迎致电。</p>', 1527924364, 'admin', 0, '/Uploads/2018-06-02/5b12468ce7be2.png', 1, 40),
(98, 1, '企业网站建设在网络营销中遇到瓶颈了吗', '<p><span style="white-space: pre;"></span>人工智能时代已经来临，有很多的社交软件，平台，企业的网络营销也紧随其后转移到了各类的app,手机端或是微信等品台上，流行程度甚至盖过了PC端营销的主要途径-企业网站。所以现在会有很多的人说，建站已经没有那个必要了，电脑端的网络营销已经渐渐的走下坡路了，真的是这样吗，其实并不是，据某报道提供，中国的网站建站已经超过了500万大关，并且还在持续的生长，所以，企业的建站意识还是非常强烈的，网站就是代表了一个企业的形象，不仅能够提升自己的形象，并且还能全面的展示品牌的产品，通过用户体验度还能提高知名度，这样客户就会越来越多，同时电脑端的宣传内容也可以同步到手机端或是微信上，让更多的人了解到品牌。网站建设绝对没有走下坡路，企业对于建站的重要性还是有所了解的，西安腾诺信息科技有限公司，为企业打造属于自己的网站，欢迎致电</p><p><br/></p>', 1528093412, 'admin', 0, '/Uploads/2018-06-04/5b14dae4872ee.png', 1, 40),
(99, 1, '网站日常维护的小方法', '<p><span style="white-space: pre;">	</span>不论是个人还是企业的网站，在建立之后都需要一定的时间和精力去维护，尤其是企业的网站，代表了一个企业的品牌与形象，网站的美观，页面布局，打开的流畅速度，都会影响客户的体验度，所以，网站的维护非常重要。接下来为大家整理一下网站维护要从几个方面去着手，第一，服务器的维护，主要是保障网站的安全性，购买服务器时一定要考虑公司所需要的容量，否则储存量不够还要更换，浪费时间又浪费金钱，第二代码和SEO优化，代码维护主要包括一些bug的修复，时常会出现一些bug导致页面打不开，SEO优化关系着网网页在搜索引擎上的排名，排名越靠前越有利，第三，内容的维护，发送原创内容，内容是网站的核心，定期上传文章，提高网页的收录，提高排名，有些企业不能独立的维护网站，可以选择西安腾诺信息科技有限公司，为您的网站提供最专业的维护，欢迎致电。</p><p><br/></p>', 1528093449, 'admin', 0, '/Uploads/2018-06-04/5b14db09bebc2.png', 1, 32),
(100, 2, '网页被封还有补救的机会吗', '<p>最近有很多的网站、APP被被约谈整改，有的甚至被关停，主要是一些具有一定影响力的，互联网不是一个法外之地，各个网站运营者更应该严格遵纪守法，严格的遵守互联网法律法规，一些更具有民众基础、有影响的网站更应该严格遵守，为广大的使用者传播一种正能量，有健康的有营养的东西，否则，下一个约谈的就是你，被约谈肯定是有一些违规的内容，接下来为大家整理一下被关停之后如何解决问题，第一，如果网站含有以下内容，政治立场，敏感词汇，色情，特殊新闻，宗教等违规词，应该尽快删除，这是最基本的，第二，网站刚开始可能没什么问题，但是影响力扩大，知道的人多，一些问题就会被放大，这个时候一定要关注大家所希望整改的地方，不要真的等到被关停才开始行动，第三，还有一些外界因素，可能不是自己的原因，网站没什么问题，有一些链接是违规的，他被关停就可能自己的网站也会被关停，这时候删除那些链接就可以了，希望大家能够遵纪守法，传播积极向上的能量，西安腾诺网络科技有限公司，为客户打造专属符合规定的网站，欢迎致电。</p>', 1528183684, 'admin', 0, '/Uploads/2018-06-05/5b163b92d33d2.png', 1, 36),
(101, 1, '如何通过外链提升网站优化排名', '<p>网站的排名越靠前，越容易获得点击率，网络的咨询增加，企业的知名度也会提高，旗下产品的销售量就会提高，所以说网站的优化非常重要，在网站的优化排名的方式有很多种，SEO优化，关键词优化，增加外链优化，今天给大家讲一下怎样合理的增加网站的外链提高网站的排名。第一，外两不能随便选取，一定要有一定的额相关性，相关性越高，链接的作用就越高，连接的位置最好放在文章的正文里面，第二，企业发布的文章中一般都会加上网站的链接，提高网站的权重，但是链接有一个弊端，就是链接的量一定要注意，如果短时间内很频繁的增加外链，都会被搜索引擎认为是恶意的而被淘汰，就不会被收录进去，增加外链是为了提高网站的排名，一定要合理的增加才能打到目的，像这样过度的增加对网站来说都是弊大于利的，所以在增加外链之前，一定要制定好一个计划，明确发布的目标，有规律，循序渐进的增加。西安腾诺网络科技有限公司，为用户打造专业的网站优化，欢迎致电。</p>', 1528183726, 'admin', 0, '/Uploads/2018-06-05/5b163bae4f64b.png', 1, 40),
(102, 1, '未来的网站会越来越趋向个性化', '<p>网站，不管是个人，团体，还是企业，都会应用到网站，网站是二十世纪中旬的时候才出现的，经过了岁月的洗礼，也已经慢慢地成长起来了，经过不断的技术更新，网站依然具有很大的发展空间，并且会越来越充满个性化，最初期建立的网站，还是最基本的，就是咱们现在所说的静态页面，通俗来讲他就是只能浏览，而且也不能更改信息，后期的维护非常的困难，所以很快的被淘汰了，后来就是咱们的动态网页，有了数据库，这个也是经过了很长的时间才能发展到现在的成熟阶段，以前也只是一些大型的企业才能负担的起，现在什么企业都可以做到，网站就是为了信息共享，商品的销售而存在的，他让我们的生活越来越方便，这也就是为什么他可以长盛不衰，随着人们的需求越来越多，在这一个行业，一定会发展的越来越迅速，越来越流行化。</p>', 1528269410, 'admin', 0, '/Uploads/2018-06-06/5b178a630dd40.png', 1, 47),
(103, 1, '怎样提高网页的打开速度', '<p>在这个互联网时代，人们会通过搜索引擎搜索自己想要的东西，进入相关的企业网站，这时候网站的打开速度会显得非常重要，这也是一个企业最关心的问题，如果一个网站的打开速度很慢的话，用户体验度非常的不好，重要的是会使企业失去很多的客户，所以，优化网站是建设网站的重中之重，那么会有哪些因素会影响网站的打开速度呢，图片是影响网站速度的一个因素，接下来为大家整理一下怎样做能让图片对网页的影响减到最低，第一，将图片的大小截到最小，一定要给图片显示的区域给一个固定的高宽，必要的话给图片也限制它的高宽，第二，将图片的体积压缩到最小，字节数大小是网站打开中最直接影响网站加载时间的，网站为了图文并茂，通常会加载很多的图片，图片一多就会影响速度，所以在保证图片质量的同时，尽量压缩字节，第三，可以将网站进行延迟加载，也成为懒加载，就是网站滑到哪部分在开始加载。</p>', 1528269441, 'admin', 0, '/Uploads/2018-06-06/5b178a812aad4.png', 1, 31),
(104, 1, '传统网站的存在的几个问题', '<p>互联网日新月异，网页也在不断地发展，从以前的传统网站到现在发展的多元化网站，企业型的，营销型的网站，层出不穷，技术不断的创新发展，逐渐趋向高端化，接下来就为大家讲解一下传统网站所存在的一些问题，基于互联网的日新月异和视觉审美的更新，企业网站也需要根据时代的不同，潮流的不同，对网站进行改版，也就是说要重新投入一笔资金来进行网页的整改，这就容易造成企业人员。资金、时间等资源等的浪费，后期维护的成本也会逐渐的提高，但是如果企业不改版就会影响用户的体验度，可能会流失一部分的客户，流量的下降是不可避免的，网站的改版不能改动的太多，追求新意但是不能流失掉本意，而且还有一个非常大的弊端，网站改版都会影响搜索引擎上的排名，流量以及客户必然会流失，西安腾诺网络科技有限公司，为客户提供网站的改版更新，并为客户进行后期的维护，提升网站的排名。</p>', 1528354872, 'admin', 0, '/Uploads/2018-06-07/5b18d8383ef14.png', 1, 46),
(105, 1, '企业网站拥有自己服务器好处', '<p>选择一个合适，安全，稳定的服务器网站，是一个网站建设的重要前提，服务器具有独立服务器和共享服务器，独立服务器通常用于数据流量较大的网站，对于一个大型企业来说，独立的服务器是必须要具有的。为什么说一个独立的服务器对于企业是必须的，对于企业来说，当然是希望能够拥有企业的所有数据与服务，虽然第三方会提供一些服务，但是拥有一个独立的服务器就相当于拥有最高的管理权限，可以安装需要的任何内容，并且配置一切，作为管理员，可以放很多的网站在这台服务器上，节省资源，东西在自己手里掌握当然是最放心的，安全性这里肯定也是不用担心的，只要有好的管理员，一些物理设备进行其他的隔离，只要网络连接正常，服务器就可以一直进行工作服务。如果是一个小型的企业，制作网页可以找一个专门建设网站的公司合作，用他们的服务器进行管理，这样更加的节省以及方便，服务器出现问题他们负责管理，西安腾诺网络科技有限公司，为客户建造专属的网站，提供优质的售后服务。</p>', 1528354897, 'admin', 0, '/Uploads/2018-06-07/5b18d85140227.png', 1, 57),
(106, 2, '域名对于网站建设的重要性', '<p>一个公司的名称就是一个网站的招牌，而公司想要转战互联网发展，一个域名就相当于公司的名称，具有非常重要的意义，用户要通过他才能或取到企业以及产品的信息，所以域名一定要起好，接下来就为大家讲解一下域名涉及的一些问题，网站建设的第一步就是选取域名，很多企业可能还不是很懂域名对于公司来说意味这什么，域名的更换非常麻烦，可以说弊大于利，企业的域名如果要更换，对于用户来说就需要重新去记忆，实不相瞒，我当年接触的第一个域名就是某搜索引擎，并且记了一段时间，更换域名也会导致用户对于品牌有一种不确定性，在一定的程度上会导致企业流失一部分客户，得不偿失，企业的域名最好都已公司的名称或是产品的名称来定，太长可以使用开头字母来定，能让客户知道你的公司就可以知道你的域名，这是最好的，例如某宝，某度，这都是实例，希望大家都能够将域名重视起来，认真选择。</p>', 1528440996, 'admin', 0, '/Uploads/2018-06-08/5b1a28a4907b4.png', 1, 40),
(107, 2, '解决网页打开速度的几个技巧', '<p>在互联网这个虚拟世界里，最重视的就是用户的体验度，不论是企业的网站还是大型的搜索引擎，都注重网站的用户体验度，在网站上，用户体验度第一个接触的就是网站的打开速度，网站的打开速度是最直接的影响了用户的点击率，就想想我们自己，一个网站如果半天打不开肯定会非常果断的关掉它，并且真的不想再打开它，从这一点就足以证明一个网站的打开速度地多么的重要，接下来就为大家讲解一下提高网站打开速度的几个方法，第一，也是最根本的一点，服务器的速度，服务器的速度慢，那这个网站一定会很慢，所以，服务器一定要定期的维护与检测。第二，网页代码的简洁，网页编写人员一定要减少多余的代码冗杂，能两行写的不要用三行，能用CSS时的不要用JS，这是一个编程人员最基本的编码规范，第三，网页的图片，虽然现在很多的网页都喜欢用大图来装饰网页的布局，但是高清图会使网页的加载速度变得非常慢，网页中的图片能压缩的就压缩，能放小的就放小，这就是几种方法，西安腾诺网络科技有限公司，为用户定制专属并且优质的的网站，欢迎广大用户致电合作。</p>', 1528441036, 'admin', 0, '/Uploads/2018-06-08/5b1a28cc9a7ec.png', 1, 50),
(108, 2, ' 如何正确理解网站的交互效果', '<p>在网站发展早期的时候，其实网站中一些交互效果设计的非常简单，可能一个变色，一个旋转都会让用户觉得新奇，但是如今，随着互联网行业的蓬勃发展，网站设计技术不断的创新提高，已经能够满足更多的交互效果，现在随便打开一个网站，就能看到很多的网站交互效果，接下来就为大家讲讲网站交互效果的一些原则，网站的交互设计是为了提高网站的用户体验度，网站建设本身就是非常注重用户体验度的，清晰的导航，面包屑结构，搜索框，以及相关的提示，都会拉近与用户之间的距离，让用户感到十分的清晰以及用心，有助于留住要用户，网站的视觉效果，人们都是直接的从网站上获取到自己想要的信息，这个时候网站的视觉效果就会非常重要，一个好看炫酷的网站一定能够吸引客户，就像我们平常浏览一个网站，炫酷的效果，独特的风格一下就会让我们觉得这个网站非常的高大上，层次一下就不一样了，所以一定要注重网站的交互效果，西安腾诺网络科技有限公司，具有多年的网站制作经验，欢迎广大的用户致电。</p>', 1528527477, 'admin', 0, '/Uploads/2018-06-09/5b1b7a7654e08.png', 1, 30),
(109, 2, ' 提高用户体验度，才是建设网站的根本', '<p>网站，是一个直接呈现在用户面前的东西，对于一个企业网站来说，具有非常重要的意义，一直以来，网站设计和网站的交互是非常重要的两大因素，直接影响了网站在人们心中的印象，一个网站就是代表了企业，网站的印象也就是品牌的印象，但是网站的交互不是一个简单的事情，使用的不恰当反而会拉低网页在人们心中的形象，接下来就为大家讲一下如何正确的使用网站的交互效果，网站的交互效果并不是越多越好，很多人觉得酷炫的效果就是吸引人的良药，一定要多多的制作，肯定能够吸引很多的人，其实并不是这样，太多的交互效果反而会让用户觉得太多的繁琐，眼花缭乱，用户访问网页是还想要看到自己想要的信息，找不到自己想要的信息就是降低了用户的体验度，其次，太多的交互效果一定会影响网站的加载速度，这也会减低用户的体验度，所以，网站的交互效果，大家还是要适当的使用，西安腾诺网络科技有限公司，具有多年的网站制作经验，欢迎广大的用户致电。</p>', 1528527527, 'admin', 0, '/Uploads/2018-06-09/5b1b7aa7b663e.png', 1, 37),
(110, 1, ' 浅谈网站建设的优点', '<p>网站建站技术从无到有，从浅到深，都是经过了无数人的奋斗和不断地发展才成就了现在成果，随着人们对事物和技术的要求越来越高，网站建设的要求也越来越高，在这个日新月异的时代，需要时刻关注这个行业的动向，才能跟上这个时代，适应发展，现在的网站建站已经不是之前那种将网站放到网上展现的方式了，接下来，谈谈网站建站的优势，第一，有利于提升企业的形象，企业网站就是一个企业的招牌，网站的流量上去了，这个企业的知名度也就扩大了，那么他的业绩相应的也会提高，第二，在网站里，能够全面的细致的将产品的简洁功能等都展现出来，足不出户就可以了解到企业和产品，让用户更深层次的了解企业，能够和客户保持联系，当用户想要了解一个产品的时候，他就会打开网站产查询产品，能够时刻的和用户进行沟通，西安腾诺网络科技有限公司，具有多年的网站制作经验，欢迎广大的用户致电。</p>', 1528701670, 'admin', 0, '/Uploads/2018-06-11/5b1e22e6a5f07.png', 1, 36),
(111, 1, '建设一个符合要求的网站并不容易', '<p>网站的设计与营销是一个企业发展的必要条件，营销型的网站外观也要吸引人，现在一个企业想要发展的好，一定不能忽视互联网的重要性，现在有很多的企业已经选择了网站建设，将营销与互联网结合起来，扩大自己的业务与知名度，对于一个公司来说，如何建设一个符合自己的网站是一个需要斟酌的地方，企业网站首页有必要体现企业形象，但决不是简单的依靠美工或是动态效果效果就可以做到的。如用户获取信息的方便性、网站基本要素设计的合理性、网站可信度等，这些内在的要素才能真正体现其专业形象。一定不能华而不实，在互联网发展初期，我们经常看到网站的首页就是一个Flash动画或者是一张巨幅照片，以前可能觉得还好，但是现在他已经远远不能满足网站的用户体验度，用户体验度对一个网站来说也是非常重要的，若不想要低价建站，则需要找更加专业的建站公司，同时也需要在一开始便沟通好具体需求，才能更好的选择一个满意的网站公司，西安腾诺网络科技有限公司，具有多年的网站制作经验，欢迎广大的用户致电。</p>', 1528701713, 'admin', 0, '/Uploads/2018-06-11/5b1e23110e4e1.png', 1, 37),
(112, 2, '对于网站设计，要借鉴也要思考', '<p>常常会有人说，条条大路通罗马，不管是学习，还是管理，其实很多的东西都是相同的，对于网络建设来说，也是这样的，网站建设的时候，我们也可以借鉴别人的东西，但是借鉴的同时我们也要思考，吸取别人优点以及经验，总结起来，在今后做网站建设的时候就可以运用起来，这就是一个学习的过程，重要的是要学会别人的思路，那才是精华所在，其实不是说非要那种非常牛逼的网站才可以借鉴，比如说一个用户体验比较差的网站来说，我们可以思考思考，这样的网站应该怎样修改才可以变得更好，怎样修改才可以让他具有一定的特征，怎样才可以让用户接受认可，在网站设计的时候，应该和客户交流到底需要一个怎样的网站一个什么风格的网站，这样才能对症下药，找一些相对应的效果，可以借鉴借鉴，还有一些模板网站，虽然设计比较粗糙，但是他也是具有一些行业特征的，所以说不论是什么网站都是有学习的地方的，西安腾诺网络科技有限公司，具有多年的网站制作经验，欢迎广大的用户致电。</p>', 1528787537, 'admin', 0, '/Uploads/2018-06-12/5b1f7251b5e9d.png', 1, 30),
(113, 2, ' 国内外网站的差异性', '<p>网站现在可以说是遍地都有，很多人都很好奇国内外的网站到底有什么区别，举一个列子，欧美，他是国内外网站的发源地，作为互联网发展的巨头地区，发展了很多的互联网网站大鳄，比如谷歌等，他们深刻的影响了互联网的发展，其实，国内外的网站风格并不相同，国情等因素造成了这个现象，接下来就说明简单的为大家说明一下，第一，信息方面，国内网站的信息多而杂，欧美的网站信息少而精，这一点对于经常看外网的用户可能深有感触，国内的网站比如说有一条信息出来，接下来就会有很多相似的重复内容，比如说全世界最大的信息门户雅虎，列表其实很少，重复的内容非常的少，国外的网站更加的奉承原创，少而精。第二，广告方面，这个所有浏览过网站的人也知道，国内的网站广告信息非常多，想要搜索一些内容好要关掉一些广告才能看，国外的网站其实广告也是收入来源，但是，他们的广告数量非常少，内容的相关性也比较强，更加注重用户的体验度，国内外的网站其实差别挺大的，但是都围绕一个主旨，就是为用户服务，西安腾诺网络科技有限公司，具有多年的网站制作经验，欢迎广大的用户致电。</p>', 1528787567, 'admin', 0, '/Uploads/2018-06-12/5b1f726f58740.png', 1, 35),
(114, 2, '企业营销型的网站有什么特点', '<p>随着互联网和电力商务行业的发展与兴起，越来越多的企业将营销从线下改为线上，而且比重越来越大，在这个信息发达的时代，互联网不仅能够扩大企业的知名度，并且让企业的产品也能非常快速的推广出去，但是很多的企业由于缺乏专业的的互联网营销知识，使营销网站不能达到他理想的效果，一个企业营销型网站并没有那么简单，企业应该如何建设一个营销型的网站，一个营销型的网站应该具备哪些特点，接下来就为大家讲解一下，一个营销型的网站应该具有一个优良的搜索功能和用户体验度，能够快速的让用户找到自己想要的东西，能够通过多种手段获取到商机，将产品推销出去，获得销售业绩，经常浏览网站的人会发现，网站会有很多的在线咨询，对用户来说，可以及时的提出疑惑，获得解答，对于企业来说，有助于留住客户，要做好一个营销型的网站，服务器的性能一定要好，有利于解析网站，提高速度和安全性，对用户和企业都是非常好的，做好一个网站，建议大家还是找一个专业的网站制作公司，因为他们有经验，西安腾诺网络科技有限公司，具有多年的网站制作经验，欢迎广大的用户致电。</p>', 1528873029, 'admin', 0, '/Uploads/2018-06-13/5b20c0456de93.png', 1, 47),
(115, 2, ' 直接影响用户体验度的因素有哪些', '<p>这几年网站技术飞速发展，各种各样的网站层出不穷，赏心悦目，页面效果可以说非常的美观，并且能根据时代的潮流做出适合时代的风格，发展可以说非常的迅速，在注重效果的同时，人们也将注意力放在了用户体验优化的上面，很多人都很好奇用户体验优化对于网站到底有什么影响，通俗来讲，用户体验度好，就证明用户喜欢使用，这样网站的使用用户就会变多，流量就会变多，知名度也会随之提升的，接下来为大家讲一下影响用户体验度的几个因素，第一，网站的打开速度，这个非常重要，就我们自己来言，打开一个网站，半天打不开，都能急死，然后肯定毫不客气的就关了，这样就会时企业流失掉很多的用户，所以打开速度非常的重要，第二，网页的尺寸大小，现在除了PC端的网站，还有手机端的网站，如果PC端的网站放在手机上浏览，会非常麻烦，还要用户不断的移动才可以看全，所以说非常的不方便，要做出适应设备大小的网站，第三，网站的内容，都说内容时一个网站的灵魂，用户打开你的网站就是要找自己想要的东西，优质的原创内容是必不可少的，而且有利于网站的收录排名，做到这几点非常的不容易，建议企业找一个专业的网站制作公司，制作一个专业的网站，西安腾诺网络科技有限公司，具有多年的网站制作经验，欢迎广大的用户致电。</p>', 1528873060, 'admin', 0, '/Uploads/2018-06-13/5b20c0649d1e2.png', 1, 43);
INSERT INTO `think_news` (`id`, `category`, `title`, `content`, `time`, `author`, `is_delete`, `imgPath`, `tuijian`, `liulan`) VALUES
(116, 1, '网站内链的重要性', '<p>做成一个好的网站，内链建设是不可或缺的一部分，内链的作用是让用户和蜘蛛更好的设置，如果一个网站的内链没有做好，做再多的外链都是没用的，因为网站的收录是需要蜘蛛爬行的，蜘蛛都不来，网站怎么收录，很多人认为内链就是将几个网页连接起来，其实不然，网站的内链更多的考虑用户的体验度，比如说相关性，相关性好的内链能够引起别人的点击欲望，接下来从几个方面简单的分析一下内链，第一 ，网站的导航，导航就是网站的指南针，可以引导用户清晰的浏览整个网页，导航一般就是一行，将重要的栏目放在前面，导航里的文字要清楚地描述栏目的内容，有的时候导航里的文字就是网站要优化的关键词，但是要使用的自然一些，不能一个页面大部分都是关键字，使用恰当，可以给用户和搜索引擎带来便利，第二，相关性的连接，比如说网页中会出现热门文章等一些连接，这样做就是为了增加网站的粘性，提高网站的流量，第三，网站内容的内链，这是最常见的手法，但是要注意使用量，不能过于频繁，否则，弊大于利，网站的优化不止设置内链，优化网站建议大家找一个专业的优化公司，西安腾诺网络科技有限公司，具有多年的网站优化经验，欢迎广大的用户致电。</p>', 1528972244, 'admin', 0, '/Uploads/2018-06-14/5b2243d4cc902.png', 1, 40),
(117, 1, ' 网站的404页面', '<p>平常网站出现一些bug的时候，对于管理员来说是非常的讨厌的，一定会各种检查，是不是程序哪里出错了，对于用户来说，网页看的好好的突然出现404界面，真的让人很扫兴，可是现在有一些404界面，不但不会让人生气，反而会觉得很可爱，为什么会这样呢？第一，结合网站内容使用一些风趣幽默的文字了，幽默的语言能够化解网站打不开而带来的不满，甚至会让人觉得很有趣，带来更愉悦的使用体验，第二，添加一些搞笑的图片，举个例子，我们常用的表情包，很多人的微信聊天可以说是表情包的天地了，非常的幽默搞笑，404页面也可以运用，风趣的文案加上幽默的图片，可以让逗趣的效果更显著，页面偶尔出现bug还可以用这种方式来解决，但不能长期这样，做好优质网站才是根本，西安腾诺网络科技有限公司，具有多年的网站制作经验，欢迎广大的用户致电。</p>', 1528972271, 'admin', 0, '/Uploads/2018-06-14/5b2243ef6e634.png', 1, 56),
(118, 1, '看一个网站是否专业，主要看这几点', '<p><span style="white-space: pre;">	</span>随着网络的普及和网站技术的提高，现在很多的网站已经迈向了专业的道路，不论是整体的风格还是内容的排版，使得用户的体验度越来越好，视觉享受也提高了很多，但是要做好一个网站依旧是要花费很多的心思，不论是以企业的角度还是用户的角度，都是要考虑到的，看一个网站到底做得好不好，就看下面的几点，第一，清晰地品牌定位，网站的设计时候符合企业品牌的风格、特色，是否协调，让用户看到网页的时候就知道这是一个做什么产品的企业，举个例子，比如聚美优品，他的主色调就是偏玫红的颜色，一看就知道是一个关于女性用品的企业。第二，亮眼的头条，一个网站的内容是以网站的灵魂，头条内容更是要能够抓住人们的眼球，一目了然，成为视觉焦点，就像八卦新闻的头条，第三，层次分明的导航，导航在网站中起到一个指南针的作用，让用户可以清晰地了解网站的结构，要做好一个网站要考虑非常多的因素，将这些因素都解决才能做好一个网站，西安腾诺网络科技有限公司，具有多年的网站制作经验，欢迎广大的用户致电。</p><p><br/></p>', 1529052525, 'admin', 0, '/Uploads/2018-06-15/5b237d6eaec2c.png', 1, 48),
(119, 1, '做好企业响应式logo的设计', '<p><span style="white-space: pre;">	</span>随着互联网的发展，很多的企业都在做具有自己品牌特色的网站，特别是现在随着响应式设计的趋势，狠毒的企业考虑做响应式的网站，但是在最开始，很多的企业都只是注重图片和文本方面，而对于logo的却很少去做响应式，logo是一个企业的标识，最直观的展示了企业的特色，如果网站的logo不做好响应式，在手机端的时候logo很容易看不清或是太大，很影响网站的视觉效果，让整个网站都感觉很粗糙，这样对企业品牌的形象也会非常的不利，所以让一个网站适应不同的屏幕大小，做好它的响应式非常的重要，logo的设计一定要简洁，因为他本来就是一个很小的东西，如果做得色彩斑斓，内容繁多，会让人觉得非常的冗杂，没有条理，对企业也会有非常不好的印象，一定要做好logo的响应式设计。西安腾诺网络科技有限公司，具有多年的网站制作经验，欢迎广大的用户致电。</p><p><br/></p>', 1529052563, 'admin', 0, '/Uploads/2018-06-15/5b237d9367794.png', 1, 55),
(120, 2, '传统网站改版会产生的一些问题', '<p><span style="white-space: pre;">	</span>互联网在不断的发展，网站建设也由初期的传统网站发展成为现在的营销型，响应式网站，网站想要跟上时代的潮流，就要不断地发展，创新，但是网站在改版的时候也会出现一些弊端，接下来为大家讲解一下，网站肯定是具有一定的生命周期，如上所说，时代的发展，审美的日新月异，企业是一定要跟随趋势对网页进行改版，这就需要去投入一些资金去建立新的网站，这样就容易造成企业人员、资金、时间的浪费，后期的维护成本肯定也会提高，但是不改版又会影响用户的体验度，用户看到一个风格过时的网站，对企业的第一印象也会使跟不上时代潮流，会流失一部分的客户，流量下降是一定的，最重要的是，网站改版后会影响网站在搜索引擎的排名，直接的影响了网站的流量以及曝光度，客户流失是一定的，西安腾诺网络科技有限公司，为用户提供网站的改版，并解决网站改版后搜索引擎排名下降的问题，为网站提供维护工作。欢迎广大的用户致电。</p><p><br/></p><p><br/></p><p><br/></p><p><br/></p><p><br/></p>', 1529399815, 'admin', 0, '/Uploads/2018-06-19/5b28ca07e55bd.png', 1, 49),
(121, 2, '做好站内优化应该注意哪些问题', '<p><span style="white-space: pre;">	</span>企业网站建好之后，一般会进行站内和站外的优化，但是很多的企业会将重心放在站外的推广品牌引流，对于站内的优化知识纯粹的更新文章，从而导致优化的力度不够，关键词排名上不去，对于站内优化，应该注意的一些问题为大家讲解一下，第一，网站结构优化，网站结构越简单越容易索引，越复杂蜘蛛抓取时吃力，给搜索引擎反馈的消息就越不好，现在的企业网站都流行采用扁平化的树状结构，就是首页，栏目页，详情页，这种结构最容易被蜘蛛抓取，第二，网站标题、关键词与描述，是搜索引擎抓取页面最先抓取的内容，每一个页面都设置好，这样有利于蜘蛛抓取，提高网站搜索引擎的排名，提高点击，增加流量，还有一些容易被忽视的问题，删除网站中的死链，就是一些原本有内容，后来删除了，但是链接还存在，这种链接会直接影响蜘蛛的友好度，对排名会产生一定的下降，网站的优化，建议大家还是找一个专业的网站制作优化公司，西安腾诺网络科技有限公司，具有多年的网站制作优化经验，欢迎广大的用户致电。</p><p><br/></p>', 1529399848, 'admin', 0, '/Uploads/2018-06-19/5b28ca2847868.png', 1, 45),
(122, 2, '影响网站改版的因素有哪些', '<p><span style="white-space: pre;">	</span>网站建设经常会有人问道，网站是否要改版，大概多长时间改一次版，企业网站的改版不仅需要根据企业自身的情况而定，还需要根据互谅网的行情进行考虑，促使网站进行改版的因素到底有哪些接下来为大家简单的介绍一下，第一，公司业务的改变，公司肯定会随着时间的推移内容会进行改变，蓝图扩张，网站现有的内容肯定不能满足企业的发展。第二，技术更新，比如说，之前的网站banner图都是采用flash插件，现在都是采用javascript进行编辑，并且现在网站不需要专门做一个WAP网站开给手机用户访问，现在可以直接打开web网站进行访问，第三，网站的风格，以前的很多网站都过于混乱，规划不合理，客户的体验度很差，用户不能直接明了的找到自己想看的东西，整体的风格与企业的风格不匹配，还有一点，百度不断更新搜索排名的算法，原本有排名的网站在在搜索引擎上消失的无影无踪，这些都是需要进行改版的原因，西安腾诺网络科技有限公司，具有多年的网站制作优化经验，解决网站因改版问题产生的一系列问题，欢迎广大用户致电。<br/></p><p><br/></p>', 1529489632, 'admin', 0, '/Uploads/2018-06-20/5b2a28e0c0e17.png', 1, 52),
(123, 2, '做好网站维护提高网站访问量', '<p><span style="white-space: pre;">	</span>网站维护对于很多的企业来说就是简单的发一些东西，保证网站的正常运营即可，其实真正的维护不只是这样，需要每天的定期发一些内容，才能不断地吸引更多的浏览者，以此来增加访问量，网站维护的目的就是为了让网站长期稳定的在互联网上运行，真正的网站维护与网站策划、设计、数据分析、运营、优化等方面密不可分，现在中小型企业对互联网越发的重视都想在互联网有所发展，网站在互联网也也不仅仅是一个网站。更多能通过其带来直接的利益，网站维护一般包括一下几个方面，第一，服务器以及相关软硬件维护，保证网站的响应速度与运行，第二，数据库，数据的维护非常重要，对其进行备份，防止黑客入侵造成数据流失，第三，不断地更新内容，内容是网站的灵魂，不断地对网站进行更新，确保网站的正常运行以及在搜索引擎上的排名。西安腾诺网络科技有限公司，具有多年的网站制作优化经验，欢迎广大用户致电。</p><p><br/></p>', 1529489661, 'admin', 0, '/Uploads/2018-06-20/5b2a28fd4247c.png', 1, 37),
(124, 1, '网站域名对网站的重要性', '<p><span style="white-space: pre;">	</span>网站域名对于网站来说，就像人的名字一样，独一无二且不可忽视。目前互联网移动端盛行的年代，微信已经普及到了我们生活的各个地方，随处可见二维码扫一扫，就可以登录网站获取信息，似乎域名并不那么重要了，其实早就有会这样的言论，之前人们通过百度，谷歌搜索自己想要的信息，误判感觉域名并不是那么重要，可是这么多年过去了，域名的地位并没有减弱，接下来就分析分析在这个微信公众号盛行时代域名的重要性，移动端的重要性不容怀疑，非常具有便利性，但是移动端处理工作效率不高也是通病，至少在现在的日常中，传统笔记本的优越性还是非常明显，很多工作依靠手机是不能完成的，PC仍是主流，通过浏览器访问网站就是必然，对于网站来说，通过域名寻址就是一个必须过程，一个容易让人记忆的域名，可以减少用户访问成本，提高网站的访问量，而且在后期的优化中，一个好的域名会对提升网站和排名有一定的促进作用。<br/></p><p><br/></p>', 1529569270, 'admin', 0, '/Uploads/2018-06-21/5b2b5ff6c15b8.png', 1, 32),
(125, 2, '建设一个有特色的网站对于企业是必不可少的', '<p><span style="white-space: pre;">	</span>现在互联网发展如此迅猛，对于很多的中小型企业来说，想要在互联网上获得收益，无非就是在一些商品平台上出售商品，或是百度竞价推广，通过关键词引流，带来点击最后完成产品出售，不论是平台还是搜索引擎推广，都是要付出一定的成本的，一旦推广结束，那么点击率也会直线下降，其实不论是那个平台，之所以获得大家的认可，原因就是流量，企业网站就是如此，想要摆脱平台的束缚，又能有互联网渠道，就必须要建立一个有特色的网站，容易让人记住，想要做到这一点并不难，在域名和网站设计上要别具一格，至少是一个定制型的网站，不能使模板网站，定制型网站的最大特点就是可以在网站上加入企业的特色，并且要有新颖的页面设计，这样才能让用户耳目一新，带来新鲜感，西安腾诺网络科技有限公司，具有多年的网站制作优化经验，为企业定制专属特色的企业网站，欢迎广大用户致电。</p><p><br/></p>', 1529569301, 'admin', 0, '/Uploads/2018-06-21/5b2b6015134fd.png', 1, 46),
(126, 3, '什么样的内容算是优质内容', '<p>随着搜索引擎的算法不断更新，越来越智能化，对于优质内容的判断标准也在不断的更新，很多人只是一味的为了创造内容而创造内容，又有多少人想过什么样的内容才可以被搜索引擎所收录，又怎样的排名，能够带来什么流量，其实，写文章就是根据网站的主题，结合用户的需求，这样写出来的文章才可以算是优质的内容，具体怎样写出优质的内容呢，接下来为大家讲一下，首先，加载速度，再好的文章，你加载不出来用户看不到就相当于白做了，用户体验度差是网站最忌讳的东西，第二，主体内容设置，说的是内容本身，以前的传统网站就是将关键字加粗，锚点，或者指向网站的首页，突出显示，其实与其在这些上面下功夫，更应该利用他们的优点，文章中该突出显示就突出显示，对于用户可能不懂的某些词汇就加载链接。第三，文章的排版，用户点进网站就是要看文章的，不能说让用户滚动了两屏才看见内容，这样的布局就非常令人讨厌，第四，原创内容，这是最主心的要求，搜索引擎主要的就是收录原创内容，要与文章主题相呼应，让用户找到想看的内容，这样点击率上去，排名也就上去了。西安腾诺网络科技有限公司，具有多年的网站制作优化经验，为企业定制专属特色的企业网站，欢迎广大用户致电。</p>', 1529669460, 'admin', 0, '/Uploads/2018-06-22/5b2ce754b56fc.png', 1, 90),
(127, 1, '网站建设中如何使用面包屑导航', '<p>面包屑导航就是一种辅助主导航的系统，帮助用户定位到目前所在的网站的位置，小巧而且方便，很常见，但也容易被人们忽视，面包屑在设计上也是非常有讲究的，接下来就为大家讲一下面包屑导航，面包屑导航就是一种视觉指引，它为用户展示出网页的层次结构，因为如此，面包屑导航成了用户了解网站背景信息的重要途径，告诉用户现在身处什么位置，提升了网站的可查找性，清晰地展示了整个网站的结构，面包屑导航也减少了用户对网站的操作次数，从可用性角度来说，减少了用户跳转到高层页面的操作数，避免了用户寻找返回按钮的复杂操作，同时，面包屑导航的占用空间非常小，它就是以一些简单文本加上链接的形式展示出来，一般只占一行，也正是因为这样，他不能够代替主导航系统最为中心，不能作为视觉焦点，在移动端上面也应该尽量避免使用，移动端的页面本来就比较精简，这样反而让用户觉得网页很繁琐。西安腾诺网络科技有限公司，具有多年的网站制作优化经验，为企业定制专属特色的企业网站，欢迎广大用户致电。</p><p><br/></p>', 1529669494, 'admin', 0, '/Uploads/2018-06-22/5b2ce776d87be.png', 1, 41),
(128, 2, '大型企业网站建设应该如何做', '<p><span style="white-space: pre;">	</span>随着互联网用户的不断增多，技术不断进步，用户体验度的要求不断提高，尤其是一些大企业，非常注重网站的用户体验度与质量，要求非常严苛，大型企业应该如何做一个符合气场的网站，第一，要有自己独立的服务器，独立且稳定的服务器对一个网站来说非常重要，只有稳定的服务器才能保障网站的正常浏览速度不会受影响，保证网站的在运营过程中的稳定性与安全性，市面上的服务器种类繁多，购买时一定要多多参考调研，不要贪图小便宜买一些性能较差的网站，并且有自己的服务器在后期维护的时候非常方便，自给自足。第二，网站的结构，有些公司为了让网站看起来非常绚丽，就把网站的结构设计的非常的花里胡哨，这样既不符合大公司的气质，而且用户看起来会非常的凌乱，会直接关闭网站，网站的跳出率提高，随着就是网站搜索引擎的排名下降。网站的结构一定要大气简洁，能让用户快速的找到自己想要的东西，第四，网站的内容，这是提及最多的一个方面，用户进入网站就是为了获取自己想要的东西，内容要做到有数量和有质量，这样才容易被搜索引擎所收录。西安腾诺网络科技有限公司，具有多年的网站制作优化经验，为企业定制专属特色的企业网站，欢迎广大用户致电。</p><p><br/></p>', 1529748200, 'admin', 0, '/Uploads/2018-06-23/5b2e1ae872eaf.png', 1, 36),
(129, 2, '如何避免网站的内容营销误区', '<p><span style="white-space: pre;">	</span>在网站运营的日常生活中，内容营销是一个很常见的词了，很多品牌也意识到这一问题的重要性，在这一方面大力的投资，但是盲目的进行工作就会踩进很多的误区，内容营销看起来非常简单，但是要做好非常的难，接下里就为大家讲一下到底有哪些坑，如何去避免。 第一，网站的内容要丰富化，深入化，还要有一定的专业性，逐渐的让用户形成一种粘性，并且网站内容要不断的进行更新，内容一旦停滞，用户对待网站就会冷淡很多，还有可能失去一部分客户，有了一定的用户基础，就要和用户探讨更深入的品牌问题，让自己的内容能够真正的帮助用户，这样用户对于网站的依赖性就会增加。第二，要把控好用户的需求和品牌的需求，比如说微博热搜或是一些线上活动，经常会出现一些关于品牌的话题，但是大家对这些内容并不感兴趣，内容营销最基本的就是从用户的角度去考虑做传播，只注重品牌的诉求当然不行，所以不论是什么都不能够脱离用户需求这一中心思想。第三，要做好推广和广告，即使内容做的再好，没有知名度和点击率，他就是一文不值，将好的内容推广出去，将品牌推广出去，加大宣传力度，这样金子才能发光。西安腾诺网络科技有限公司，具有多年的网站制作优化经验，为企业定制专属特色的企业网站，欢迎广大用户致电。</p><p><br/></p>', 1529748229, 'admin', 0, '/Uploads/2018-06-23/5b2e1b05872ee.png', 1, 36),
(130, 2, '网站导航菜单的重要性', '<p><span style="white-space: pre;">	</span>用户访问网站时，网页的导航就相当于地图，不仅指引用户找到想要获取的信息，同时也能将网站的结构清晰的展示在用户面前，清晰有创意的网站一定能够吸引用户，促使用户继续访问网站，如何去建立一个有创意的网站呢？第一，文字配色，首先背景颜色不要太过于简单，也不能过于绚丽，最好要结合网站的主题风格进行设计，最好能够干净一点，其次就是字体和颜色，字体不要太大，也不要太粗，导航的风格就是要简洁，颜色的搭配不要太过于炫目，还要注意与背景颜色相搭配，字体颜色要能看得清晰，整体就是新颖简洁又不夸张，第二，多级的导航栏，很多时候，网站的内容比较多，无法将其展现出来，这时候就要使用多级菜单栏，这种形式也逐渐受到了人们的喜爱，也简化了网站的复杂度，将更多的内容清晰的展现出来。一个清晰的导航栏对网站非常重要，西安腾诺网络科技有限公司，具有多年的网站制作优化经验，为企业定制专属特色的企业网站，设计具有创意的网站头部和导航内容，欢迎广大用户致电。</p><p><br/></p>', 1529920162, 'admin', 0, '/Uploads/2018-06-25/5b30baa33a699.png', 1, 37),
(131, 2, '网站的信任度与权威对网站排名的影响', '<p><span style="white-space: pre;">	</span>我们平常写的文章是否被搜索引擎收录，不仅取决于原创和内容质量，搜索引擎也会根据发表内容网站的权威性和信任度来进行判断，网站的这两点因素在网站的搜索排名上占据着很大的地位，网站的信任度，搜索引擎会经常访问网站，检查你的网站是否正常，如果有恶意的链接或是发表一些与平常内容不符，或网站主题不服的贴文，都会引起搜索引擎的注意，然后根据其他的因素对网站进行评估，一个无不良记录的网站排名就会提升，运营时间较长的网站他的收录就会比较快，一些时间短的，就只能靠累计内容来进行提升。网站的权威性，搜索引擎十分注意网站的权威性，一个有权威性的企业网站他的内容多半就是优质的，搜索引擎也注重用户的体验度，让这些优质的内容出现在首页也有利于提升他们的用户体验度，所以他们要判别网站企业是否具有权威性，搜索引擎判断一个网站的权威性，可能是根据访问量，在通讯APP的转载量等各个因素，一个网站要有好的访问量以及营销能力，企业的信任度和权威性是必不可少的，西安腾诺网络科技有限公司，具有多年的网站制作优化经验，为企业定制专属特色的企业网站，欢迎广大用户致电。</p><p><br/></p>', 1529920204, 'admin', 0, '/Uploads/2018-06-25/5b30bacc97df6.png', 1, 44),
(132, 1, '好的营销型网站应该如何做优化', '<p><span style="white-space: pre;">	</span>在如今这个互联网时代，很多企业为了能够使网站的排名向前想了很多的办法，尤其是一些中小型的企业，对网站的推广更是迫在眉睫，网站开发建设和网站搜索引擎的关键词优化成为了众多企业能否在创业初期顺利上路的关键。一个好的营销网站效果远远高于业务员，所以一定要做好网站的优化和推广，做好网站的推广和优化，要根据网站的结构特点，网站的布局以及视觉上要迎合客户的喜好和习惯，客户想看到什么就可以看到什么网站的布局和流程自然就清晰，通过视觉的处理，这样就会得到网站的尊重信任，提高浏览量，很多人觉得炫酷效果，客户就会喜欢，其实搜索引擎不喜欢flash效果和纯图片较多的网站，这样蜘蛛无法识别内容到底是好还是坏，关键词就不会有好的排名，网站的优化一定是图文并茂，清晰地结构，产品介绍，服务介绍，让蜘蛛可以轻松的识别网站的内容，网站优化内容还是最主要的，不仅要提高内容的数量，也要提高内容的质量，优质的内容搜索亲情一定会收录提升排名，西安腾诺网络科技有限公司，具有多年的网站制作优化经验，为企业定制专属特色的企业网站，规避不良信息，欢迎广大用户致电。</p><p><br/></p>', 1530008540, 'admin', 0, '/Uploads/2018-06-26/5b3213dc08954.png', 1, 39),
(133, 1, '规避不良的网站设计', '<p><span style="white-space: pre;">	</span>对于现在科技发展的时代，互联网已经是每个企业的重要输出途径，不论是一些有资历的大企业，还是正在发展的小企业，都在互联网上有属于自己的一个小天地，就是企业的网站，不论是前者的网站还是后者的网站都会存在一些不良的设计，有哪些不良设计，如何去规避他们，首先服务器的选择上，国内的服务器比起香港、国外的具有一定的优势，首先网速的问题，在一个服务器如果出现问题能够快速的解决，之前国内的服务器就是要通过备案，现在服务器又有自己的备案系统，操作简单。第二，网站的域名，网站的域名是一个网站的门面，要做到简洁清晰，让用户能够快速的记住，冗长的域名用户记不住，只会降低网站的用户体验度，第三，网站的细节，网站的字体选择，网站整个风格的确定，网站的排版，这些都会影响用户的体验度，从网站的设计初期就考虑到这些问题，完美的规避掉这些问题，就能够提高用户的体验度。西安腾诺网络科技有限公司，具有多年的网站制作优化经验，为企业定制专属特色的企业网站，规避不良信息，欢迎广大用户致电。</p><p><br/></p>', 1530008567, 'admin', 0, '/Uploads/2018-06-26/5b3213f70487a.png', 1, 33),
(134, 1, '网站建设和网站设计的主要区别有哪些', '<p>网站建设和网站设计的主要区别有哪些呢，那么答案不一定的，但是也有共同点；网站建设比起网站设计有局限性，更倾向于程序或模板的建站，而网站设计这么理解，它的定义更广一些。网站建设是指使用标识语言，通过一系列设计、建模、和执行的过程将电子格式的信息通过互联网传输，最终以图形用户界面(GUI)的形式被用户所浏览。简单来说，网页设计的目的就是产生网站。简单的信息如文字，图片(GIF，JPEG，PNG)和表格，都可以通过使超文件标示语言、可扩展超文本标记语言等标示语言放置到网站页面上。而更复杂的信息如矢量图形、动画、视频、声频等多媒体档案则需要插件程序来运行，同样地它们亦需要标示语言移植在网站内。那么网站的设计就要能充分吸引访问者的注意力，让访问者产生视觉上的愉悦感。因此在网页创作的时候就必须将网站的整体设计与网页设计的相关原理紧密结合起来。网站设计是将策划案中的内容、网站的主题模式，以及结合自己的认识通过艺术的手法表现出来;而网页制作通常就是将网页设计师所设计出来的设计稿，按照W3C规范用html(标准通用标记语言下的一个应用)将其制作成网页格式。但是总体上又不太一样，从工作中能够体现出来，网站建设主要是网站页面代码的书写件排版的处理，网站设计是主要设计网站的原型图，但是有的网站设计是不会进行html等文本的抒写的，</p><p><br/></p>', 1530098868, 'admin', 0, '/Uploads/2018-06-27/5b3374b54d3f6.jpg', 1, 36),
(135, 1, '网站的后期维护主要是那些方面', '<p>网站的后期维护主要是指网站在做成后交付给客户使用后期发生的一些问题的修改及网站的被黑出现的问题进行修补，那么主要体现在那几个方面呢，</p><p>1、网站安全：排除网站的相关密码丢失与泄露，导致网站不能正常更新与被挂马等问题的出现。</p><p>2、内容更新：定期更新网站信息，保证网站处于一个活跃的运行的状态。</p><p>3、数据备份：数据库是需要定期备份的，保障与之前更新数据的统一，起到防范于未然。</p><p>4、正常访问：表示有意向客户发现，减少和消除损失订单。</p><p>西安腾诺信心技术有限公司专注于网站建设，网站推广，SEO优化，微信小程序的开发，微信公众号的开发，手机网站建站有着多年的丰富经验，深受客户的好评，</p><p><br/></p>', 1530098916, 'admin', 0, '/Uploads/2018-06-27/5b3374e42a704.jpg', 1, 74),
(136, 1, '吸引眼球的网站应该具备那些特点', '<p><span style="white-space: pre;">	</span>网站想要吸引用户，在用户第一次访问的时候就要抓住他的眼球，保持网站的新鲜感也是留住用户的一个办法，有一些有用户基础的网站会觉得用户已经是稳定了，就可以不用在过多的提升网站，其实，要想留住用户，就要不断的添加内容与效果，一直保持用户对网站的新鲜感，让人眼前一亮的网站最主要的就是主页的设计，主页的设计包括很多的方面，简单的讲解一下，首先从网站的设计方面，网站的排版要有特色，模板型的网站一定不能使用，大家都使用的模板怎么会让人觉得新鲜呢，网站的排版就是要简单、清晰，尤其是一些企业型的网站点进去要能让用户快速的获取到关于这个企业的信息。现在很多的网站都会使用一些高清的大图来装饰网站的首页，现在人们普遍都不喜欢阅读文字，高清的大图更能够吸引他们的眼球，让整个网站显得不会那么死板，关于网站的色调，一个是要根据这个企业的特点，千万不要觉得使用流行的颜色就会让网站看起来很时尚，不适合的色调只会让整个页面看起来非常的不搭且凌乱。网站想要与众不同就要从细节出发结合新颖的观点，打造企业专属的网站。西安腾诺网络科技有限公司，具有多年的网站制作优化经验，为企业定制专属特色的企业网站，规避不良信息，欢迎广大用户致电。</p><p><br/></p>', 1530267997, 'admin', 0, '/Uploads/2018-06-29/5b36095ec02a5.png', 1, 69),
(137, 1, '网站内容更新所要注意的几点要求', '<p></p><p><span style="white-space: pre;">	</span>网站的内容更新除了正常的信息需求外，还有后期的维护，要通过不断的更新内容才可以保持网站的排名与访问量，这就是对于网站来说内容为王，很多的企业不重视内容的更新，还有一些不懂得如何去更新内容，今天就为大家介绍一下应该怎样进行内容的更新，首先内容要保持内容的丰富，一些企业对内容的更新就是一些对产品的简介，这种内容非常单一，蜘蛛在录入的时候不会青睐这种内容，对网站有害而无益，所以一定要保证内容的丰富，这样蜘蛛才会觉得这个内容有深度，对录入有很大的帮助，第二，就是网页内容的更新时间，一般在早上九点到十一点这个时间断内更新是最好的，因为蜘蛛在这个时候最活跃，内容的收入率也会提高，第三，内容的原创，这个是一个根本的问题，现在的搜索引擎智能的程度超乎你的想象，他会将你所发表的内容与数据库内作对比，相似度超过规定时会判断你的内容不可取，就不会被收录。内容的更新也要有规律，不要三天打鱼两天晒网，勤奋永远都是好的。西安腾诺网络科技有限公司，具有多年的网站制作优化经验，为企业定制专属特色的企业网站，规避不良信息，欢迎广大用户致电。</p><p><br/></p>', 1530268029, 'admin', 0, '/Uploads/2018-06-29/5b36097d14fb1.png', 1, 66),
(138, 1, '木屋别墅为什么要选择防腐木', '<p><span style="white-space: pre;">	</span>越来越多的防腐木制品走进了我们的生活，防腐木桌椅、防腐木秋千、防腐木花架，防腐木地板，防腐木木屋等，木屋别墅选择防腐木顾名思义就是因为其防腐性能，被广泛的应用于户外的产品，不只是木屋别墅的架构，据说木屋内部的装饰也采用防腐木材料，防腐木地板可以防虫、防微生物入侵，并且可以使用于户外恶劣的天气，也不用去费心的打扫，家庭装修的重点一直是室内，室外的装修人们经常会忽视，比如户外的阳台，一些讲究的人会使用大理石地板进行铺设，但是大理石会给人们一种冰冷的感觉，而且他也不符合木屋别墅的气质，所以现在大多都是使用防腐木地板，营造一种家庭温暖的氛围，也不会觉得哪里比较的突兀，很多人会担心防腐木的化学作用，其实完全不用担心，作为阳台地板，因为实在户外，所以并没有什么危害，如果有危害的话，也不会使用它来建造整个木屋，防腐木地板在铺设的时候，一定要留出一定的空间，因为防腐木会膨胀如果没有足够的空间，地板就会发生变形。现在有很多人都选择木屋别墅，找到一个专业木屋建造的公司也是非常重要的。陕西创海生态公司，我们有最专业的设计团队和施工团队，为用户打造舒适优质的木屋，并提供良好的售后服务，欢迎广大客户致电。<br/></p><p><br/></p>', 1530268075, 'admin', 1, '/Uploads/2018-06-29/5b3609ac2d0fa.jpg', 1, 107),
(139, 3, '西安做网站要注意的方面，', '<p>西安做网站要注意的方面有哪些，在不同的方面我们看到的就是在不同的方面要注意的问题很多，因为在这样的情况下，我们在做网站都是要注意的就是其中的细节，那么像是这些细节可能也是直接影响着后期的使用的情况的，毕竟在大的方面来看我们所要注意的还是非常明确的，都是为了整个网站的完美交工，完美验收，这个是最重要的，因为渣这样以来我们所考虑的都是在整个市场面上的公司，有的在细节方面不是很注意。那么做成来的效果就不会很理想，这样一来就会在不同的方面考虑的因素，那么像是做网站这样的公司来看，我们还是要注意的大方面。西安腾诺信息技术有限公司在做网站方面有着多年的建造经验，深受新老客户的肯定及信赖。</p>', 1538202782, 'admin', 0, '/Uploads/2018-09-29/5baf1c9ee7d9e.jpg', 0, 59),
(140, 2, '西安网站制要注意的是什么', '<p>西安网站制作要注意什么，首先我们要先了解整个网站制作过程中我们需要注意的地方在哪里，还有要就是在整个方面来看我们在不管在整个网络市场面上还是非常好重要的，因为这个是牵扯到后期的建造上就要下功夫了，因为在这样一来我们所关注的就是整个网站是否能完美的表达出客户想要的东西，还有就是在整个市场面上我们还要注意的网站制作的时间周期和流程方面，所注意的，因为这个是牵扯到后期的完美提下，那么像是这样的情况下，我们还是要注意的就是在后期的体验中更好的效果，还有就是在不同的方面来看还是非常重要的。西安腾诺信息技术有限公司在网站制作方面有着多年的建造经验，深受广大客户的肯定及信赖。</p>', 1538202854, 'admin', 0, '/Uploads/2018-09-29/5baf1ce669dac.png', 1, 28),
(141, 1, '西安网页制作要注意什么', '<p>西安网页制作要注意什么，在现在的行业来看，我们所看到的就是在不同的方面还是非常重要的，因为在中的方面来看我们所牵扯到的其他地方还是非常好的，毕竟整个页面的宣传方面是非常重要的，因为在总的方面来看我们所牵扯到的其他属性还是非常好的，因为这样一来我们在整个页面的设计汇总技能更好的体现出需要展示的内容，还有就是像是网页制作方面，我们就要注意的就是在不同的方面还是在不同的方面来看，还有就是像是一些宣传方面用到的比较多，因为像是这样的页面里面基本上都是一些宣传的标语，能在后台需改的地方不是很多。但是在优化方面还是要注意的，毕竟在总的方面来看我们所牵扯到的因素是有的。西安腾诺信息技术有限公司在网页制作方面有着多年的制作经验，深受新老客户的肯定及信赖。<br/></p><p><br/></p>', 1538280428, 'admin', 0, '/Uploads/2018-09-30/5bb04becb12e7.png', 1, 39),
(142, 1, '西安网站制作公司在建造网站时要注意什么，', '<p>西安网站制作公司在建造网站时要注意什么，在总的方面来看，我们所看到的就是整页面的效果展示，那么像是这样一来我们所建造出的网站还是要注意的就是优化，那么什么样的优化呢，首先是代码的优化，在页面中把一些多余的代码进行删减，还有就是在不同的方面来看，还有影响页面加载中我们所注意的就是在不同的方面来看，整个项目来看还是非常重要的，还有另一方面就是整个页面的中的图片，在相同的网速面前，页面中图片多的情况下那么整个页面的加载速度是非常慢的，毕竟整个页面中图片在总的方面来看我们还是非常重要的。西安腾诺信息技术有限公司在网站制作方面有着多年的建造经验，深受新老客户的肯定及信赖。</p><p><br/></p>', 1538280470, 'admin', 0, '/Uploads/2018-09-30/5bb04c166c845.jpg', 1, 26),
(143, 1, '西安微信制作要注意的是什么', '<p>西安微信制作要注意的是什么，首先我们要了解整个微信方面在制作都有哪些可以进行制作，因为微信制作一般也就是微信里面关联的一些软件，如微信公众号，微信小程序等基于微信开发的一些软件来进行制作，那么像是这样的软件一般都是有着自己本身带有的功能，但是像是整个微信方面来看，我们所看到的也就是一些基本功能，但是有时客户感觉不是很完善，那么就要基于整个微信来进行开发了，那么这样就可能把比想要的一些功能做进去，因为这样一来欧文们就会在不同的情况下所进行的整个功能的要求。西安腾诺信息技术有限公司在微信制作上有着非常专业的经验，深受新老客户的肯定及信赖。</p>', 1538884601, 'admin', 0, '/Uploads/2018-10-07/5bb983f9ade01.jpg', 1, 22),
(144, 1, '西安微信公众号制作有那些因素要注意什么', '<p>西安微信公众号制作有那些因素要注意什么，在平时像是这样的情况下我们所关注的也就是在不同的方面要考虑的因素还是非常重要的，因为在这样的情况下像是这样一来，在整个微信公众号的情况下我们所要注意的就是在平时我们所理解的样式不同的，因为这个是牵扯到到后期开发的情况下的，还有就是在这样的情况下欧文们所关注的也就是在整个公众号的搭建上要注意没因为这个是牵扯到后期的美观程度的体现，还有就是在不同的发面我们要注意的就是考虑到屏幕的大小不一样所导致的整个市场面上的不统一，因为这样一来我们就会在其他的方面要注意的东西就会很多了。西安腾诺信息技术有限公司在微信公众号的搭建上有着多年的 建造经验，深受新老客户的肯定及信赖。</p>', 1538884634, 'admin', 0, '/Uploads/2018-10-07/5bb9841ab1bdd.jpg', 1, 14),
(145, 1, '做网站要注意哪些问题呢', '<p>做网站要注意哪些问题呢，首先在整个市场面上，网络公司是日益增多，那么总的网站质量来说是呈下降趋势，毕竟现在的流程方面简单了，那么就会造成种鸽市场面上的严重缺乏，那么就会在不同的方面来看，还是非常好的，因为在不同的情况下我们所要注意的就是在不同的方面来考虑的主要关键点，还有就是在不同的情况下我们所要注意的整个网站在发的方面的布局老考虑的，避免在在出现各种方面的混乱情况，毕竟在总的方面来看我们所要注意的就是页面的美观及合理性的展示。西安腾诺信息技术有限公司在做网站方面有着多年的建造经验，深受新老客户的肯定及信赖。</p>', 1538971207, 'admin', 0, '/Uploads/2018-10-08/5bbad64772ed9.png', 1, 20),
(146, 1, '微信小程序制作跟传统的页面有什么不同', '<p>微信小程序制作跟传统的页面有什么不同，首先在看待小程序时，他是需要在手机端运行的，那么像是电脑端时运行不了的，那么就需要基于微信来进行开发，那么在开发过程中我们要注意的就是在不同的方面来考虑的主要关键点，因为在这样一来欧文们所关注的也就是说在不同的方面来看，他所需要的内部构造结构跟传统的网站没有多大区别，但是像是标签还是有很大的区别了。因为在小程序中很多网页标签是不能用的，这样就造成的很大的困扰，像是div等标签在小程序里面就是view标签，这样就会有麻烦，还有就是在不同的方面来看，尤其是像素方面，小程序里面用的是rpx，网页里面用的是px，所有说是有区别的。西安腾诺信息技术有限公司在小程序制作方面有着多年的制作经验，深受新老客户的好评及信赖。</p>', 1538971241, 'admin', 0, '/Uploads/2018-10-08/5bbad669006f4.jpg', 1, 22),
(147, 2, '西安网站制作流程方面有什么', '<p>西安网站制作流程方面有什么，毕竟在不同的方面来看我们所处的整个市场面上都是非常好的，那么像是这样一来我们就会在整个网站制作上面注意的是什么，因为这样一来我们就会非常的好，为什么呢，因为在总的方面来考虑，网站制作的主要目地也就是为了宣传，那么宣传什么呢，肯定就是为了宣传公司的一些理念还有就是产品等方面，那么像是这样的网站制作的流程也是要划分的，先是设计出需要的网页设计图，也就是效果图，下来在按照整个设计图来进行整个网站的搭建，下来交给后台来来进行页面的数据传输，完工后也就是进行整个页面的内容填充，在下来进行域名的绑定开始上线进行验收。主要也就是这几个流程，毕竟在整个市场面上的情况来看是非常流利的。西安腾诺信息技术有限公司在网站制作有着多年的建造经验，深受新老客户的肯定及信赖。</p>', 1539064193, 'admin', 0, '/Uploads/2018-10-09/5bbc4181078b5.png', 1, 23),
(148, 3, '西安网站制作公司怎么样', '<p>西安网站制作公司怎么样，在平时我们所触到的整个网站建设公司有很多，因为在建设网站时往往会考虑很多的公司，那么有的公司在整个网站建设上面有着非常好的效果，因为在不同的方面来考虑的，我们所需要面对的一些地方来考虑的，那么这样一来我们就会在不同的方面有着必要的流程，那么像是这样方面，可能会存在缺陷，那么这样的缺陷可能会有着很多的情况产生，因为在不同的情况下我们所面对的整个市场发展前景的主要考虑因素。那么闲腾诺信息技术有限公司作为西安当地的网站制作公司，公司有着良好的团队，精轧的工艺，深受新老客户的好评及肯定。</p>', 1539064227, 'admin', 0, '/Uploads/2018-10-09/5bbc41a36704e.jpg', 1, 55),
(149, 1, '西安网页制作效果怎么样', '<p>西安网页制作效果怎么样，在总的方面我们所看到的页面效果都是经过美化的，那么像是这样的也就是在不同的方面来看的，因为像是这样一来欧文们说要注意的就是在不同的方面来考虑整个页面的效果展示，那么页面的效果展示要注意哪些呢，首先在不同的方面来看我们要注意的就是在不同的方面来看，在总的方面欧文们还是非常好的没因为在考虑到用户体验的时候我们仰望都是在不同的方向面前来总结时候可会想要的各种效果，那么这样一来就会非常好的实现客户想要的。西安腾诺信息技术有限公司在网页制作方面有着多年的制作经验，深受新老客户的肯定及信赖。</p>', 1539144002, 'admin', 0, '/Uploads/2018-10-10/5bbd7942a53ec.jpg', 1, 25),
(150, 1, '西安微信制作怎么样', '<p>西安微信制作要注意什么呢， 首先在整个微信中我们所涉及到的总的方面还是非常的多，因为这样u以来哦欧文们就会牵扯到其他的方面，如微信中的公众号、小程序等都是属于微信中的一种涉及面方面，那么像是在制作这样的软件时，我们在不同的方面还是非常舒服的，因为在总的方面来看我们还是非常舒服的，这样一来我们就会在不同的方面来考虑这样的好处的，毕竟在整个微信中他所应用到的知识是非常广泛的，还有就是在整个微信中，我们要注意的就是在整个微信端里面根据微信则带的一些样式来进行修改来开发，已达到客户想要的效果，这样是最为关键的地方。西安腾诺信息技术有限公司在微信制作方面有这多年的建设经验，深受新老客户的肯定及信赖。</p>', 1539144034, 'admin', 0, '/Uploads/2018-10-10/5bbd7962274fa.jpg', 1, 30),
(151, 1, '微信公众号制作要注意的问题是什么，', '<p>微信公众号制作要注意的问题是什么，首先在总的方面来考虑我们子啊不同的样式中根据不同的方向来判断整个市场的主要框架，那么造成这样的框架在平时是飞常好的，但是有着页面使用框架起来是不方便的因为框架主要就是考虑的大的方面的，但是像是一些小的方面，他们的考虑依据是非常麻烦的，毕竟在整个市场面上来看我们还是要注意的主要方向就是全局把控方面，还有就是像是公众号制作在大的方面我们所要考虑的就是在不同的方面来思考的依据的毕竟不同的方面欧文们还是非常舒服的。西安腾诺信息技术有限公司在微信小程序制作方面有着多年的制作经验，深受新老客户的好评及信赖。</p>', 1539236473, 'admin', 0, '/Uploads/2018-10-11/5bbee2795abda.jpg', 1, 17),
(152, 1, '微信小程序制作跟网页有什么区别', '<p>微信小程序制作跟网页有什么区别，在大的方面，方面来看这两个都是为了展示效果所需要的吗，但是他们的方式可能存在不同，毕竟在不同的方面来看，我们所看到的就是在不同的方面在不同的方面来看我们主要的就是在根据整个小程序的页面来考虑的整个页面问题，那么像是传统的网页也就是说，我们只要在一个样里面抒写代码就好了，但是像是小城后续他是在每个文件夹里面有自带的css样式和js规格等，这是非常方便的，因为这样以来就会在不同的样式中防止定义相同导致的页面混乱。西安腾诺信息技术有限公司在微信小程序制作方面有着多年的制作经验，深受新老客户的好评及信赖。</p>', 1539236494, 'admin', 0, '/Uploads/2018-10-11/5bbee28e5e7d6.jpg', 1, 19),
(153, 1, '西安做网站公司在做网站方面怎么样', '<p>西安做网站公司在做网站方面怎么样，在总的方面来看我们所看到的就是在不同的方面来看，我们主要的关键点是在不同的方面来考虑的，如网站制作出来的质量方面，还有就是整个网站在后期的维护上强度怎么样，这些都是做网站是要考虑的因为在不同的方面来看，我们所要注意的也就是说在不同的方面来看待整个网站制作中的各种问题及后期的维护方面的主要维护力度大小，一般像是这样的维护都是都是分开来算的，这是针对一些维护量大的公司来说的，但是像是一些小的公司来看，我们所要注意的也就是说在不同的方面所考虑的主要关键点。西安腾诺信息技术有限公司在网站制作方面有着多年的制作经验，深受新老客户的好评及信赖。</p>', 1539317081, 'admin', 0, '/Uploads/2018-10-12/5bc01d59adf4e.png', 1, 22),
(154, 1, '西安网站制作的重要性怎么样', '<p>西安网站制作的重要性怎样，在总的方面来看，我们所要注意的就是在不同的方面来考虑的，因为在不同的方向上面，我们所要注意就是在不同的方面要考虑的总的网站制作方式还是非常重要的，因为在不同的方面来看，网站制作的目的也就是说在不同的方面来看，整个网站在制作的时候我们要考虑的就是公司的主要性质及产品方面的性质来判断整个网站的制作要求及色彩搭配上的要求，那么在不同的方面来看我们所要注意的就是在整个社会现场上我们所要注意的就是在不同的方面来考虑的注意关键点，那么像是这样的关键点在整个网站制作中是非常重要的。西安腾诺信息技术有限公司在网站制作方面有着多年的制作经验，深受新老客户的好评及信赖。</p>', 1539317103, 'admin', 0, '/Uploads/2018-10-12/5bc01d6fd049f.jpg', 1, 18);
INSERT INTO `think_news` (`id`, `category`, `title`, `content`, `time`, `author`, `is_delete`, `imgPath`, `tuijian`, `liulan`) VALUES
(155, 1, '西安网站制作的重要性怎么样', '<p>西安网站制作的重要性怎样，在总的方面来看，我们所要注意的就是在不同的方面来考虑的，因为在不同的方向上面，我们所要注意就是在不同的方面要考虑的总的网站制作方式还是非常重要的，因为在不同的方面来看，网站制作的目的也就是说在不同的方面来看，整个网站在制作的时候我们要考虑的就是公司的主要性质及产品方面的性质来判断整个网站的制作要求及色彩搭配上的要求，那么在不同的方面来看我们所要注意的就是在整个社会现场上我们所要注意的就是在不同的方面来考虑的注意关键点，那么像是这样的关键点在整个网站制作中是非常重要的。西安腾诺信息技术有限公司在网站制作方面有着多年的制作经验，深受新老客户的好评及信赖。</p>', 1539317106, 'admin', 1, '/Uploads/2018-10-12/5bc01d72694ac.jpg', 1, 0),
(156, 1, '西安网站制作公司多吗', '<p>西安网站制作公司多吗，在不同的方面来了解到市场上面的网络公司是非常多的，那么像是这样一来我们所要了解到的就是在不同的方面还是非常好的，因为在整个网站制作中我们要注意的还有就是整个网站的展现效果，毕竟我们在不同的方面来看待整个市场上面我们所要需要的各种问题，那么这样的问题我们还是非常重要的，毕竟整个网站的展现效果我们要注意的就是在不同的方面来考虑，还有就是在网站制作公司中也有很多网站建设的质量问题，那么这样的质量问题在平时我们还是要注意的，因为这样一来我们就会在不同的方面来看待了。西安腾诺信息技术有限公司在网站制作方面有着多年的建造经验，深受新老客户的肯定及信赖。</p>', 1539421626, 'admin', 0, '/Uploads/2018-10-13/5bc1b5ba3ca7b.png', 1, 18),
(157, 1, '宣传网页制作要注意什么呢？', '<p>宣传网页制作要注意什么呢，首先，我们要先了解整个市场上网页制作方式及特点，如整个网页的制作效果是要那种宣传还是工整的方式，还有就是在色彩上的搭配还是要注意整个方式的，毕竟在不同的方面来看，我们在不同的方面来看，在不同的方面所要了解的还有就是整个网页制作方面的展示方式，毕竟不同的产品在不同的方式面前，还是要注意的，还有就是整个网页制作出来的效果怎么样，这些都是要考虑进去的，还有在整个页面的排版方面。我们要注意的就是整个页面的排版还是占据版心的排版这些也是要考虑的。西安腾诺信息技术有限公司在网页制作方面有着多年的建造经验，深受新老客户的肯定及信赖。</p>', 1539421646, 'admin', 0, '/Uploads/2018-10-13/5bc1b5ce2d756.png', 1, 22),
(158, 1, '网站制作公司他们的内部组成部分有哪些呢', '<p>网站制作公司他们的内部组成部分有哪些呢，首先在不同的方面来看，像是一些小型的网站公司，他们的组成部分也就是一个前端页面设计及制作师，一个后台的建造师及维护整个服务器的php，下来就是一个业务及售后那么就是这几个就可以组成一个简单的网络公司，但是像是一些大型的网络公司，那么就会非常好的多了，毕竟一个大的公司他们的组成分工还是非常的明确的，那么就不会造成混乱等效果，还有就是可能在整个框架中我们所要注意的也就非常多了。西安腾诺信息技术有限公司在网站制作方面有着多年的制作经验，深受新老客户的肯定及好评。</p>', 1539584888, 'admin', 1, '/Uploads/2018-10-15/5bc43378d8072.jpg', 1, 0),
(159, 1, '网站制作公司他们的内部组成部分有哪些呢', '<p>网站制作公司他们的内部组成部分有哪些呢，首先在不同的方面来看，像是一些小型的网站公司，他们的组成部分也就是一个前端页面设计及制作师，一个后台的建造师及维护整个服务器的php，下来就是一个业务及售后那么就是这几个就可以组成一个简单的网络公司，但是像是一些大型的网络公司，那么就会非常好的多了，毕竟一个大的公司他们的组成分工还是非常的明确的，那么就不会造成混乱等效果，还有就是可能在整个框架中我们所要注意的也就非常多了。西安腾诺信息技术有限公司在网站制作方面有着多年的制作经验，深受新老客户的肯定及好评。</p>', 1539584889, 'admin', 0, '/Uploads/2018-10-15/5bc43379eb19f.jpg', 1, 19),
(160, 1, '网页制作方面要注意什么呢', '<p>网页制作方面要注意什么呢，首先我们要考虑整个网页的制作过程中，我们所注意的就是在不同的方面还是非常好的，逼近在不同的方面开来看，我们所要了解的就是网页的组作效果，那么整个网页的制作效果在不同的方面老看，还是非常重要的，因为在整个市场方面来看，我们所需要了解的就是在不同的方面来考虑整个市场的快速发展，那么整个市场的发展，还是非常快速的，那么网站的制作也就是非常重要的，网站是由网页组编而来，那么网页的效果好坏也是影响着整个网站的效果的。西安腾诺信息技术有限公司在网站的制作方面有着多年的建造经验，深受新老客户的肯定及信赖。</p>', 1539584909, 'admin', 0, '/Uploads/2018-10-15/5bc4338d302e6.jpg', 1, 19),
(161, 1, '西安微信公众号制作要注意什么！', '<p>西安微信公众号制作要注意什么呢！首先在不同的发面来看，我们所要注意的就是在不同的方面来考虑的，因为在整个市场面上我们所要考虑的主要也就是在不同的方面老看待整个公众号的制作，那么像是这样一来，我们所要注意的也就是说再不同的方面，我们所考虑的不同要求还是非常好的，那么像是这样一来，我们在建造公众好的情况系，首先要考虑的也就是在不同的方面来考虑的主要元素了，那么整个公众号的制作也就是遵循整个网页来建造的，这样就是非常重要的。西安腾诺信息技术有限公司在微信公众号上有着多年的建造经验，深受新老客户的肯定及信赖。</p>', 1539662408, 'admin', 0, '/Uploads/2018-10-16/5bc562491246e.png', 1, 20),
(162, 1, '西安微信小程序制作要素要注意什么！', '<p>西安微信小程序制作要素要注意什么呢，首先在整个微信小程序制作中我们要抛弃整个页面代码的片段，如网页中很多元素在小程序中都还是不能用的，还有就是用的方式也不一样，如网页中的块元素，那么在微信小程序中是没有的，那么就像是div这样的标签在微信小程序中也是用view来代替的，毕竟整个微信小程序他的总要方针就是针对这样来处理的，还有就是在微信小程序中我们所用到的像素也变为的rpx来展示，不像是网页中常见的px来设置宽高，这样一来就会造成整个页面的乱，这是要注意的。西安腾诺信息技术有限公司在小程序制作方面有着多年的建造经验，深受新老客户的肯定及信赖。</p><p><br/></p>', 1539662426, 'admin', 0, '/Uploads/2018-10-16/5bc5625b03d4b.jpg', 1, 24),
(163, 3, '西安网页制作是什么', '<p>西安网页制作是什么呢，首先我们要先了解整个网页制作的方式及流程，毕竟在不同的方面，我们所要注意的就是在不同的方面我们要考虑的有着非常好的主要关键点，那么这样的关键点是什么呢，像是组成网站的网页，和宣传页的网页是两回事，毕竟他们所要表达的意思是不一样的，那么像是宣传页这样的形式，那么就要突出产品的特性及优势，以及市场发展的趋势，以及市场的需求等多种样式，但是网页是直接来表现出专一方面的知识来展示的，像是展示优势就是优势，特性就是特性，他们不会出现在一个页面，以及联系方式等都是单页面的。西安腾诺信息技术有限公司在网页制作方面有着多年的制作经验，深受广大新老客户的肯定及信赖。</p>', 1539755007, 'admin', 0, '/Uploads/2018-10-17/5bc6cbff8869c.jpg', 1, 60),
(164, 1, '西安网站制作要考虑的因素有哪些！', '<p>西安网站制作要考虑的因素有哪些，首先我们要先考虑页面的特效，美术功力不需要太深，现在网上有许多网页模板，直接下载下来用PS稍微修改下，防止人说你盗版，就可以用了。程序方面很简单。做大型的网站就需要至少掌握一门语言，比如C#。NET，PHP,ASP,JSP这些。做小型网站就不需要那么多了，你只要学会HTML语言，简单掌握一点JS脚本语言就可以了，这两种语言都很简单，几天就可以学会，学会以后你就可以制作一些简单的静态网页了。西安腾诺信息技术有限公司在网页制作方面有着多年的制作经验，深受广大新老客户的肯定及信赖。</p>', 1539755036, 'admin', 0, '/Uploads/2018-10-17/5bc6cc1ca6e29.jpg', 1, 36),
(165, 1, '西安做网站方面要考虑到什么呢！', '<p>西安做网站方面要考虑到什么呢，在做网站方面，我们在不同的方面我们所要注意的就是在总的方面我们所要注意的不同需方面，我们所要注意的就是在整个市场上面我们所要考虑的在不同的建站要求上在不同的主要方面，我们所看到的网站的布局是一个大的方面，毕竟在不同的要求方面，可能思想的不一样，也就会导致整个市场的协调，那么在做网站时就要注意了，毕竟网站是一个宣传的门面，门面的整洁也是有可能导致客户想看不想看的主要关键点。那么西安腾诺信息技术有限公司在做网站方面有着多年的建设经验，深受新老客户的肯定及信赖。</p>', 1539928826, 'admin', 0, '/Uploads/2018-10-19/5bc972fa6e90a.png', 1, 29),
(166, 1, '西安网站制作要注意什么方面问题呢！', '<p>西安网站制作要注意什么方面问题呢，首先在看待市场上面的网络公司，在不同的方面我们所要注意的也就是说在不同的要求上面，我们要考虑的非常全面，那么在后期的修改上面也就非常的少了，还有在不同的方面我们所要注意的还有就是在不同的方面我们要考虑不同的方面是非常多，因为这样一来我们在建造网站时，首先要确定主题思想，其次是要明确目的性，这样我们就会在不同的方面来看待整个市场的快速发展情况，还有就是在网站制作过程中魔门所要考虑的还有就是一个大额方面老考虑的，那么这样一来我们就会在大的方面来思考了的。西安腾诺信息技术有限公司在网站制作方面有着多年的制作经验，深受新老客户的好评及信赖。</p>', 1539928854, 'admin', 0, '/Uploads/2018-10-19/5bc97316e8b97.jpg', 1, 23),
(167, 1, '西安微信公众号制作有什么好处', '<p>西安微信公众号制作有什么好处有什么，像是微信公众号，我们所要注意的也就是说在一个大的市场上面，我们所要注意的就是在考虑他的使用人群，还有就是他的总的使用方式，这个是非常重要的，因为这样一来，我们就会非常好的有利于客户了解到我们，那么像是这样一来也是可以很好的推广的，毕竟在不同的方面我们要考虑的主要关键方面，我们要考虑的还有就是像是公众号的搭建上面，一般像是传统的网站基本开通服务号也就好了但是在不同的发方面，我们所要注意的就是在不同的方面来看待这样的关键点。这是是一个良好的发展方向。西安腾诺信息技术有限公司在微信公众号的制作方面有着多年的建造经验，深受新老客户的肯定及信赖。</p>', 1540033952, 'admin', 0, '/Uploads/2018-10-20/5bcb0da027298.png', 1, 29),
(168, 1, '西安微信小程序制作有什么好处', '<p>西安微信小程序制作有什么好处，在总的方面来看，我们所要注意的也就是微信小程序的开发方面，像是一般的网页，他的访问是需要地址的，但是像是微信小程序，他的建造我们所要注意的也就是在不同的方面来考虑整个市场发展的趋势，那么像是访问量的方面，他就非常的方便，如可以搜附近的小程序，像是方圆五公里内的小程序基本上都是能够搜索到的，因为这样一来我们就会非常方便的有利于推广，那么像是这样一来就会提升商品或者是品牌的曝光率，这是是非常重要的，因为在不同的方面来看，我们所要注意的也就是推广了。西安腾诺信息技术有限公司在小程序的制作方面有着多年的制作经验，深受新老客户的好评及肯定信赖。</p>', 1540033974, 'admin', 0, '/Uploads/2018-10-20/5bcb0db66bcac.png', 1, 36),
(169, 1, '西安做网站时要注意的文字方面是什么', '<p>西安做网站时要注意的文字方面是什么呢，首先在制作网站时骂我们要定义一个全局字体，如网站的全体字体一般都是在14px和16px直接，那么有时需要单独来定义其他的字体时，我们可以来根据不同的问题所在的问题来定义整个文字的字体大小，如像是新闻的内容页，一般都是在23px大小左右，颜色一般都是整个网站的主题颜色，或者是#333等颜色，那么内容一般都是要比标题的颜色淡点，这样才能突出主题，还有就是像是网站的字体颜色不要太花了，那么就会在成一种不协调，还有就是就是字体一般都是控制在3到4个字体大小，不同夜歌页面直接用上了七八种字体大小，那么就会看起来比较的凌乱。西安腾诺信息技术有限公司在做网站方面有着多年的建造经验，深受新老客户的肯定及信赖。</p><p><br/></p>', 1540192425, 'admin', 0, '/Uploads/2018-10-22/5bcd78a937fcb.jpg', 1, 25),
(170, 1, '西安网站制作在处理图片上要注意什么呢，', '<p>西安网站制作在处理图片上要注意什么呢，首先在网站制作上，我们可能使用的图片大小可能存存在差异性，那么这样的差异性在一个大的方面来看，我们还是非常好的，因为在这样的情况下，我们所注意的就是在不同的方面来看待这样的情况的，因为这样一来欧文们就会在图片的展示方面，做到更好的处理，那么像是这样一来，我们就会在不同的方面来看待整个网站的美观程度，那么有时图片可能于也会影响客户的体验的，所以所在处理图片上，我们就可能的简单明了。还有就是图片的质量方面，我们要尽可能的控制图片的质量大小，那么这是影响整个网站在加载是的展示效果的。西安腾诺信息技术有限公司在网站制作方面有着多年的制作经验，深受新老客户的好评及信赖。</p>', 1540192443, 'admin', 0, '/Uploads/2018-10-22/5bcd78bb78dd9.png', 1, 24),
(171, 3, '西安小程序发展的现状详解', '<p>西安小程序发展的现状详解，微信小程序从出现到现在为止也快有一年的发展历程了，在这短短的一年中，好多人话是对小程序不是很了解，多半人只是停留在一个理论层面，不知道小程序能够给商家以及用户带来什么好处，这是最模糊的一点，并且就单单的小程序，要想通过小程序实现盈利和一些业务的开展的话，还是有点困难，有多人还是对小程序的发展和前途抱一种观望态度，并不是非常积极的参与和使用小程序，这就是目前西安市场上的小程序面临的一大现状和实际问题。</p><p>另外一点值得一提的是，从小程序的技术角度上来，小程序技术越来越完善和成熟了，能给商家以及用户带来好多实际的利益，但是只是大家目前看不大这块的市场和未来的发展趋势而已，当然了作为我们搞技术的人来说，还是对小程序比较看好，也是代表未来的轻应用的一种典型代表，这也是未来技术发展的一种必然的趋势，所以正在观望或者正在有制作小程序小法的人群们，赶紧行动起来，等有朝一日小程序真正的成长和发展起来的时候，你也就迟了，早下手，早受益。</p>', 1540201709, 'admin', 0, '/Uploads/2018-10-22/5bcd9ced13828.jpg', 1, 63),
(172, 1, '微信公众号制作与开发过程中，应该规避那些不必要的麻烦呢？', '<p>微信公众号制作与开发过程中，应该规避那些不必要的麻烦呢？微信公众号经过几年的发展，不管是使用人群还事受众越来越多了，尤其是一些运营多年的大号来说已经彻底实现了盈利阶段，回头望去，也就不过短短数年时间一种全新的产品被大家接受，并且被大范围的使用，到企业微信公众号，到个人的一些微信公众号实现盈利来说，已经是一个具有划时代的事件了。</p><p>今天小编就站在技术层面跟大家探讨一下，如果避免和规避公众号后期开发过程中，走一些弯路，出现一些不必要的麻烦呢，其实怎么说，微信公众号开发技术还是使用的传统的网页技术或者H5网页技术，在技术方面没有多大的变化，但是作为微信公众号使用者在后期的使用过程中，凡是牵扯到微信公众号登陆注册相关的栏目的时候，就最好直接使用使用者的微信直接登陆，并且这种登陆方式会避免后期的好多不必要的麻烦的，最好不要使用传统的登陆注册功能来实现这块的登陆注册，这是一件非常麻烦的事情，弄不好的话，会带来好多麻烦事。</p><p>这是站在技术层面说一点有意义的，为了避免后期一些公众号开发新手汤坑，就提前跟大家分享，希望大家以后再微信公众号开发的路上越走越顺。</p>', 1540202266, 'admin', 0, '/Uploads/2018-10-22/5bcd9f1aecf29.jpg', 1, 29),
(173, 1, '西安网站制作公司在设计方面有多大关系呢', '<p>西安网站制作公司在设计方面有多大关系呢，可能在现在的市场面上，我们在建造网站是，有时可能会考虑的设计方面，那么设计方面跟网站制作关系大不，因为这两个是两个方面，有的网络公司里面，这两个职位是分开的，这样一来设计是专门的设计，网站建设是专门的网站建设，这两个是不相关的，但是有的网络公司可能会把这两个职位融合到前端来，那么这样一来就会减少一个官岗位，但是这是一些小公司的思想，因为要考虑到后期的页面美化方面，所以往往修改的比较的多，因为这是一大弊端的所在，那么有时可能老板会监管页面美化方面，那么就会考虑到客户那边的思想，那么就会好很多。但是归根结底来说这两个的关系是互补的。西安腾诺信息技术有限公司在网站制作方面有着多年的制作经验，深受新老客户的肯定及好评。</p>', 1540273205, 'admin', 0, '/Uploads/2018-10-23/5bceb43545000.png', 1, 23),
(174, 1, '西安网页制作我们所要注意的有哪些呢；', '<p>西安网页制作我们所要注意的有哪些呢，所谓的网页制作我们所要注意的就是在不同的方面来看待整个市场的需求，那么还说呢么需求呢，首先网站的形式问题，整个网站制作中我们在不同的情况下可能要考虑的也就是整个网站的性质问题，如整个网站的形式方面，我们根据不同的方面我们还是非常好的，因为在不同的形式厂，页面的好坏程度跟整个压面的设计有关，也有一方面，跟客户的思想方面有关，有的客户思想比较前沿，那么可能他的眼观比较偏向一些国外性质的那种网站，还有是在不同的方面，我们所要注意的就是在不同的方面我们还要考虑的就是在不同的方面来看还是比较偏向于中式的，那么这样也就导致的网站的变大方面存在问题。西安腾诺信息技术有限公司在网页制作方面有着多年的建造经验，深受新老客户的肯定及信赖。</p>', 1540273230, 'admin', 0, '/Uploads/2018-10-23/5bceb44e2e12a.jpg', 1, 22),
(175, 1, '西安网站制作和网站开发有什么区别呢，', '<p>西安网站制作和网站开发有什么区别呢，答案是有很大区别的。可以从以下几点区分。</p><p>1、网站界面效果。专业点说叫UI，一般高端的网站使用的宽屏风格，网站页面精美，用户体验良好。</p><p>2、网站前端代码。高端网站一般用的是HTML5+CSS3做的前端，普通的一般是HTML4.0，布局有些可能还使用原始的表格布局。</p><p>3、网站程序。高端网站一般是网络公司自己的开发的程序，普通的一般是网络上面开源程序搭建的。优秀的网络公司开发的程序，便于维护升级，功能扩展，掌控性比较高。</p><p>4、站内seo方面。高端网站站内SEO优化比较普通的好。各种页面布局都可以要求符合搜索引擎优化。</p><p>5、高端的网站代码冗余量少。普通的网站一般不注重代码的优化，高端的对这块比较有要求。</p><p>以上只是重要的区别，还有很多，像网站的访问速度、网站错误页提示、数据库设计、服务器构架等等。这些都是属于网站开发过程中出现的。西安腾诺信息技术有限公司在网站制作方面有着多年的建造经验，深受新老客户的肯定及信赖。</p><p><br/></p>', 1540359625, 'admin', 0, '/Uploads/2018-10-24/5bd005c9ed658.jpg', 1, 25),
(176, 1, '西安网站制作中的网站建设是什么，', '<p>西安网站制作中的网站建设是什么，网站建设是指使用标识语言，通过一系列设计、建模、和执行的过程将电子格式的信息通过互联网传输，最终以图形用户界面(GUI)的形式被用户所浏览。简单来说，网页设计的目的就是产生网站。简单的信息如文字，图片(GIF，JPEG，PNG)和表格，都可以通过使超文件标示语言、可扩展超文本标记语言等标示语言放置到网站页面上。而更复杂的信息如矢量图形、动画、视频、声频等多媒体档案则需要插件程序来运行，同样地它们亦需要标示语言移植在网站内。这样一来，我们就会在不同的那个方面还是非常好的。西安腾诺信息技术有限公司在网站制作方面有着多年的建造经验，深受新老客户的肯定及信赖。</p>', 1540359647, 'admin', 0, '/Uploads/2018-10-24/5bd005df4d255.jpg', 1, 26),
(177, 1, '西安微信制作要注意那些！', '<p>西安微信制作要注意哪些没在不同的方面来看，我们所要注意的微信制作也就是指微信里面所带的一些功能，如整个微信里面的像是一些小程序等，还有就是像是一些公众号，这些都是非常好的，那是往往可能不是很完善，那么我们就需要在原本的基础上来进行加工了，那么这样一来我们就会在考虑其他的方面来看到这样的问题了，因为在不同的方面，我们所看到的也就是像是微信里面涉及的一些常见的样式，还有就是像是一些常规化的变现形式，这些都是要注意的没因为这样一来欧文们就会在考虑不同的方面来看待这样的发展了。西安腾诺信息技术有限公司在微信制作方面有着专业的制作经验，深受新老客户的肯定及好评。</p>', 1540440215, 'admin', 0, '/Uploads/2018-10-25/5bd140974fa83.png', 1, 23),
(178, 1, '西安微信公众号制作要注意的因素方面有哪些！', '<p>西安微信公众号制作要注意的因素方面有哪些，在不同的方面来看，我们在制作微信公众号时，往往我们要考虑的是整个市场的高度统一，那么怎么来进行统一呢，这个问题我们在总方面来看还是非常重要的，因为在整个微信公众号开发中，我们尽可能的在保证整个公众的高度统一那么这样一来我们就会尽可能的在保证整个公众号的正常运行这个是核心。毕竟公众号的制作时一个细活，那么要考虑的因素还是非常多的，还有就是在制作微信公众号是，还要考虑的就是电脑上的公众号页面，这个不能乱那么就会在不同的情况下来进行的整个项目的建设。西安腾诺信息技术有限公司在微信公众号制作方面有着多年的制作经验，深受新老客户的肯定及信赖。</p>', 1540440232, 'admin', 0, '/Uploads/2018-10-25/5bd140a84bd7a.jpg', 1, 31),
(179, 1, '西安网站制作跟网站设计之间的关系是什么关系，', '<p>西安网站制作跟网站设计之间的关系是什么关系，在一个总的方面来看，他们之间的关系还是非常大的，因为这是根据不同的分工来进行工作的，因为这样一来就会分工非常的明确，但是这也要考虑实际情况了，因为有的公司在网站制作方面可能会把网站设计也融入进去，那么这样就会比较的负责，为什么这样来说呢，因为两者相融合在一起了，基本上像是设计出来的同时，整个页面也就出来了，那么我们在根据这样的情况来看，网站的美观程度也就是根据制作过程中是怎么样，那么他的效果也就是怎么样了，那么，那么在客户的眼中，可能也就会出现很多的毛病了，这是必然存在的关系，但是有的两者分开了，那么客户可以根据设计图来改变，那么在前端哪里也就改动的不会很大了。西安腾诺信息技术有限公司在网站制作方面有着多年的制作经验，深受新老客户的肯定及信赖。</p>', 1540546935, 'admin', 0, '/Uploads/2018-10-26/5bd2e1778eb29.jpg', 1, 25),
(180, 1, '西安做网站跟网站制作有关系吗，', '<p>西安做网站跟网站制作有关系吗，那么我们先来看看这两个词。网站制作也就是包括了不同型号的网站，如手机端的网站，电脑端的网站，和跟宣传有关的一些类型的网站等都是注意网站制作那一类的，但是像这样的网站制作方面我们还是非常可观的，因为这样一来可能是要跟网站有关的基本上都是可以进行制作的，但是做网站不一样，做网站包括了网站制作那一类里面的所有东西，还包括了像是微信小程序等方面和微信公众号等方面的制作，这些都是包括的，因为这样一来我们就会整个网站那一类的综合性都是包括的。西安腾诺信息技术有限公司在做网站方面有着多年的制作经验，深受广大客户的肯定及好评。</p>', 1540546955, 'admin', 0, '/Uploads/2018-10-26/5bd2e18bad371.png', 1, 24),
(181, 1, '西安网页制作效果是怎么来设计的！', '<p>西安网页制作效果是怎么来设计的，那么在网页制作中要注意什么呢，首先最重要当然是从设计和内容做起，别出心裁的网页设计和高质量的有意思的内容或者才能吸引游客或者是客户的驻足，才能得到其他网站的亲昵，更多的外链到你的网站，那么良性循环你的网站知名度自然会越来越高。那么怎么来保证整个市场面上的不同方向吗，这个是不同的方面来看，还是非常舒服的，还有在网页制作出来的效果还是非常好的，因为在不同的情况来说都是非常好的。西安腾诺信息技术有限公司在网页制作方面有着多年的制作经验，深受新老客户的肯定及信赖。</p><p><br/></p>', 1540618594, 'admin', 0, '/Uploads/2018-10-27/5bd3f96244d26.png', 1, 33),
(182, 1, '西安网站制作在后期的开发中要注意什么呢，', '<p>西安网站制作在后期的开发中要注意什么呢，首先在不同的方面来看，网站制作要注意的就是网站正常的建设，那么像是建设出来的美观程度来看，根据不同的方面来看，我们还是非常好的，因为在根据客户的想法来设计网站时注意到整个网站来设计出来的跟多要求，因为这样一来我们就会非常看好的，那么网站制作出来的效果也就非常的美观，那么后期在整个网站维护方面，也是在后期的美观程度的，都是要非常明确的。西安腾诺信息技术有限公司在网页制作方面有着多年的制作经验，深受新老客户的肯定及信赖。</p>', 1540618620, 'admin', 0, '/Uploads/2018-10-27/5bd3f97c410c3.jpg', 1, 33),
(183, 1, '西安网页制作他的作用是什么，', '<p>西安网页制作他的作用是什么，在做网页时我们要先明白自己做网页的方向，和为什么要做网页，这些都是非常重要的，因为这样一来我们就会在一个大的方面来考虑这样的方面是否完善。因为网页制作时一个细活，那么首先要确定主题，如网页要表现的产品特性，这些都是必不可少的，因为在做网站的同时，我们也要考虑在一个全的方面来考虑这样的网页问题的发生，因为这样一我们都会非常理解的，还有就是在网页制作中我们所要看到的网页效果方面来看，都是由必要的，西安腾诺信息技术有限公司在网页制作方面有着多年的制作经验，深受新老客户的肯定及信赖。</p>', 1540808023, 'admin', 0, '/Uploads/2018-10-29/5bd6dd571312d.png', 1, 21),
(184, 1, '西安微信小程序制作他的优势是什么，', '<p>西安微信小程序制作他的优势是什么，在了解微信小程序上，我们所要注意的就是小程序内的功能方面，毕竟在功能方面来看，现在完善的也就差不多了，因为现阶段的微信小程序上的功能也就差不多完善了，因为在现阶段来说，现有的功能也就适合大多说的公司了，毕竟在现阶段来说，大多说的网站基本上也就是一个宣传性质的样式，复杂一点的也就是单商城形式的网站了，因为这样往往满足了基本上百分之九十九的公司业务了，这样一来就很好的展示的公司的形象，并且像是微信小程序的推广效果也是非常好大，因为的覆盖范围基本上是五公里以内了，那么在微信中的附近小程序中就能看到是非常方便的，西安腾诺信息技术有限公司在微信小程序制作方面有着丰富的建造经验，深受新老客户的肯定及信赖。</p>', 1540808043, 'admin', 0, '/Uploads/2018-10-29/5bd6dd6b2dc6c.jpg', 1, 27),
(185, 1, '西安做网站的公司怎么样', '<p>西安做网站的公司怎么样，现在市场面上网站制作公司非常的多，那么这样一来我们就好在不用的情况下来进行的整个网站的制作上面我们就需要注意很多了，因为这样一来我们就会在制作网站是要考虑的就是整个网站的布局方面，毕竟在大多数的网站布局上，我们要根据产品的风格来进行布局，如产品比较偏向于工业的，那么一般都是比较工整的布局，但是产品比较偏向于潮流化的，那么在布局上就大气一点，如页面内部的松散程度也就是把控了，有的产品是表现在美观上，那么网站内的排版一般都是一说明为主，也就是以图片展示为主了。西安腾诺信息技术有限公司在做网站上有着多年的建造经验，深受新老客户的肯定及信赖。</p>', 1540879779, 'admin', 0, '/Uploads/2018-10-30/5bd7f5a3487ab.jpg', 1, 32),
(186, 1, '西安网站制作他的流程是怎么呢', '<p>西安网站制作他的流程是怎么样呢，在网站制作流程中我们要先确定主题，如产品先要表现的行为方式，及优势的体现在那些地方，这些都是非常重要的，还有就是在网站风格确定后我们就要下来的设计环节了，根据产品的特性来设计整个网站的风格及颜色还有就是整个网站的布局及排版，设计完了以后让客户检查看看那些地方需要完善，那些是需要来进行补充的，在修改，没有问题后交给前端来进行整个网站代码的抒写，以及框架的布局，完工后交给程序来进行手数据的传输，下来绑定域名解析，长传服务器，进行内容的添加来进行测试，保证页面的整洁。下来就是交工了。进行验收。基本上也就是这几个环节了。西安腾诺信息技术有限公司在我那个站制作方面有着多年的建造经验深受新老客户的肯定及信赖。</p><p><br/></p>', 1540879816, 'admin', 0, '/Uploads/2018-10-30/5bd7f5c829f63.jpg', 1, 32),
(187, 1, '西安网站制作公司怎么样；', '<p>西安网站制作公司怎么样呢，西安腾诺信息技术有限公司作为西安网站制作中的一员，他以他本身优越的服务理念赢得了广大客户的热度好评，赢得了客户的信赖；腾诺网络 专注于网站建设6年之久，那么他作为西安当地的网站制作公司本身就具有哪些要素呢；</p><p>1、常年累月的客户积累量，不变的客户服务理念，</p><p>2、主要跟着客户的想法进行一系列的为客户着想，</p><p>3、技术支持会不间断的为客户的想法而努力；</p><p>西安网站制作就选西安腾诺网络，是您最佳的网站制作合作企业。</p><p><br/></p>', 1540964356, 'admin', 0, '/Uploads/2018-10-31/5bd94004d59f8.jpg', 1, 26),
(188, 1, '西安网站制作的流程有哪些方面？', '<p>西安网站制作的流程有哪些方面，网站制作的流程主要有以下流程：</p><p>1、先更客户确认网站主要有哪些方便的要求，比如他主要的产品关于那一方面，有哪些关键产品要体现，</p><p>2、跟客户签订合同，进行一系列的产品了解，</p><p>3、开始排版页面，整理大体框架，及主要的产品体现方式，及栏目的部署，</p><p>4、程序后台添加程序，进行页面与后台的数据传输，</p><p>5、开始填充页面。是页面看起来跟美观，大气，</p><p>6、跟客户交接，以及后续问题的排除修改。</p><p>西安腾诺信息技术有限公司在网站制作方面有着多年的制作经验，深受新老客户的肯定及信赖。</p><p><br/></p>', 1540964378, 'admin', 0, '/Uploads/2018-10-31/5bd9401a5f5e1.jpg', 1, 23),
(189, 1, '西安网站制作要素要注意哪些呢，', '<p>西安网站制作要素要注意哪些呢，在不同的方面来看，我们在不同的方面来看，不同的方面我们来看，造不同的方面来看，在不同的情况下，在针对整个项目来说，我们要注意的就是在不同的方面老考虑这样的事情的，毕竟在不同情况下我们在网站建造初期，有着非常明确的要求，那么这样的要求基本上在网站建造前期就能完成，毕竟在不同方面来看，我们就能造考虑不同的情况下，进行整个框架的设计及排版要求，这些都是非常重要的，还有就是在整个工程中，我们尽可能的在按照整个框架的布局样式来排版整个工程的方式。西安腾诺信息技术有限公司在网站制作方面有着多年的制作经验，深受新老客户的肯定及好评。</p>', 1541050720, 'admin', 0, '/Uploads/2018-11-01/5bda91603f4a9.png', 1, 21),
(190, 1, '西安小程序的制作要注意的方卖有哪些', '<p>西安小程序的制作要注意的方卖有哪些，在不同的方面来看，我们所要注意的就是在不同的方面所考虑的主要关键点，那么这些关键点在总的方面来看，都是非常好的，因为这个是标志着整个方面来看就是非常好的，因为这样一来我们就会在不同方面来看就是非常好的，因为这样一来我们就会在不同的方卖弄所考虑的主要关键点，那么这样的关键点，可能会存下很多的因素存在，如网络加载慢可能有时文字内容都不出来，这个是一个关键点。西安腾诺信息技术有限公司在网站制作过程中有着丰富的开发经验，深受新老客户的肯定及支持。</p>', 1541050740, 'admin', 0, '/Uploads/2018-11-01/5bda91743b8a0.png', 1, 21),
(191, 1, '小程序开发应该注意哪些事项呢？', '<p>小程序开发应该注意哪些事项呢？小程序作为腾讯公司推出的一款轻应用型的移动端入口，在进行开发和制作的时候需要做好前期的准备工作一个小程序制作方案的规划等等，由于小程序制作技术有别与网页技术，尤其是每次大大小小的改动之后，就需要上传和发布审核通过之后才能进行实际的使用阶段，但是在实际中，小程序制作比较麻烦和周期比较长的问题是制作方案随时有所变动，并且都是一些消范围的调整和变动的时候，这就造成了等待的时间比较漫长，每一次的修改和变动都是需要审核过后才能预览效果的，这就无形中造成了西安小程序开发周期比较漫长，有的客户不好说话的时候，就一个小小的额小程序修改一月的可能性也是有的。</p><p>目前面对小程序市场的不冷不热的情况下，和当初的微信出现的火爆程度相比较的话，还事有些冷冷的的感觉，但是怎么说呢，在小编看来，小程序目前处于一个理论阶段，好多人只是听说或者了解一下，还没有从理论上升到实战阶段，这就造成了小程序目前只是理论上的小程序，实际通过小程序实现盈利或者赚钱的并不多。</p>', 1541065912, 'admin', 0, '/Uploads/2018-11-01/5bdaccb8ec816.jpg', 1, 50),
(192, 3, '西安微信公众号开发流程详解', '<p>西安微信公众号开发流程详解，公众号经过几年的的发展和沉淀，对公众号进行开发的公司是越来越多了，不管是从事微信公众号开发的网络公司还是对公众号有需求的终端客户，都是非常有市场和潜力的，当然了，不管你是对微信公众号还是微信小程序进行开发的时候，都是需要遵循一定的流程和注意事项，不然抱一种边走边看的态度，那你的公众号开发肯定是处于一种非常危险的边缘的，并且在进行微信公众号开发的时候，一定要找有潜力的技术服务型的网络公司或者自己公司组件网络部门来完成你所需要的功能的开发。但是从目前的实际来看，多半公司还事选择了外包，将技术性的东西让一些专业的网络公司来干，而自己公司仅仅负责运营而已，这也在一定的程度上大大降低了公司的运行成本。另外公众号开发一定要明确你所需要的功能以及需要在公众号原有的基础上进行哪些开发工作，这是非常的重要，牵扯到技术岗位的需求以及难度大小的预估，不然不管是你公司招聘技术人员开发还是外包给专业的第三方网络公司，都是需要在功能和需求方面进行明细的。</p>', 1541066564, 'admin', 0, '/Uploads/2018-11-01/5bdacf440f40c.png', 1, 77),
(193, 1, '西安网站制作要注意的地方有哪些呢', '<p>西安网站制作要注意的地方有哪些呢，一般注意的问题不是很多，传统的网站一般主要注意以下几点，</p><p>1、网站的编码格式，主要体现在于要么是gb2312或者是utf-8格式，主要因为有时上传网站的是utf-8格式，但是你本地的软件编码格式是gb2312格式，下载下来再软件中打开会把文本的合适默认为gb2312格式，然后上传服务器后会出现乱码等问题。</p><p>2、页面的制作尽可能的使用占空间小的图片，因为在网站打开的时候，有时会出现图片加载的很慢，或者加载不出来的情况，因为图片的占空间大小影响你网站页面的打开速度，可能客户看您公司网站，页面效果不是很快速的打开，就会失去看下去的机会，那么通常会关掉你公司的页面，去看别的网站，但是他的网速快就不存在什么问题了。</p><p>3、格局的清新整洁主要体现网站的排版是否美观，让人们看起开耳目一新，能够感觉是享受，那么您的网站就是做成功了，那么访问量高了就能使网站的排名提升。</p><p>4、网站的内容格局，比如文字的大小颜色，需要在网站制作时设置好，但是在后期的添加中文本框中也能设置文字的颜色及大小，还有图片的大小色彩，都是页面的后期添加应注意的问题</p><p>西安腾诺信息技术有限公司在网站制作方面有着多年的制作经验，深受新老客户的肯定及信赖。</p><p><br/></p>', 1541137226, 'admin', 0, '/Uploads/2018-11-02/5bdbe34a40d81.jpg', 1, 33),
(194, 1, '西安网站制作的需求大体分为几点呢！', '<p>西安网站制作大体分为主要几点呢，首先：</p><p>一、跟客户的进行沟通，把客户想要的表达的意思和需求进行记录，并且跟客户进行网站风格的定位，例如，是传统的中式风格合适美式风格，是有利于后期的优化还是有助于后期的进价，二、进行页面的设计，把客户的需求按照排版在设计中体现出来，进行页面的布局和风格的调整，商品的表现形式，和商品的摆放位置的调整，三、跟客户进行二次沟通确认设计的内容是否完善，功能是否完整，和一些小的改动要求进行完善，四、前端根据页面的设计进行代码的抒写，还有页面特效的体现，以及布局的操作，还有就是进行图片的裁剪,功能的添加，页面是否跟设计图能够完美的柔融合，五、交付后台进行数据的传输，后台列表的体现，功能的添加，商品的增删改查，前后台的交互，六、页面的内容添加，使页面的充实起来，检查页面中代码和数据的漏洞进行修补，七、跟客户进行网站的交接，并且小问题的检查。西安腾诺信息技术有限公司专注也网站建设，网站优化有着多年的经验，深受客户好评。</p><p><br/></p>', 1541137245, 'admin', 0, '/Uploads/2018-11-02/5bdbe35d85823.jpg', 1, 29),
(195, 1, '西安小程序制作要注意哪些呢，', '<p>西安小程序制作要注意哪些呢，在不同方面来看我们在不同的方面来看这个来说是非常好的，因为就现阶段来来说，整个小程序上线也没有多长时间，那么在热潮还没来的时候我们就要考虑到整个小程序的的设计及建造时，那么在热潮到来时基本上像是公司的都已经完工了，下来就是在宣传上了，所以建造一个小程序就是非常好的还有就是在不同的情况，还有就是在建设小程序时我们要注意的就是在考虑在不同的方面还是非常好的，那么在小程序制作上面来看就是非常好的。西安腾诺信息技术有限公司在小程序上面有着多年的建造经验，深受新老客户的肯定及信赖。</p>', 1541223515, 'admin', 0, '/Uploads/2018-11-03/5bdd345ba2151.png', 1, 16),
(196, 1, '西安微信公众号开发要注意哪些问题呢，', '<p>西安微信公众号开发要注意哪些问题呢，在整个公众号开发过程中，我们要面临在各样的不一样的开发问题，那么这些开发问题可能跟客户的想法是不一样的，那么这样的币一样可能在不同的方面来看，我们总要注意的不同形态的样式，那么这样的样式是非常麻烦的，因为在跟客户的想法起来冲突时，我们要注意的就是在根据客户的想法来进行该改进，那么这样的改进可能在不同的方面来看都是非常重要的，毕竟客户是至高无上的，我们是依赖于客户来生存的，往往客户的想法跟现实上面有着非常大的冲突，那没事我们还是要用户的调节。西安腾诺信息技术有限公司在微信公众号制作方面有这丰富的建造经验，深受新老客户的肯定及信赖。</p><p><br/></p>', 1541223539, 'admin', 0, '/Uploads/2018-11-03/5bdd3473204f2.png', 1, 40),
(197, 1, '西安小程序制作周期是多长时间呢，', '<p>西安小程序制作周期是多长时间呢，在整个小程序制作方面，我们要注意的就是在不同方面的主要作用，那么这样一来我们在根据不同的方面来看看都是非常好的，毕竟在不同的情况下他们所体现的主要价值是不一样的，因为小程序不同于网页，他的要求很多，首先是静态页面的控制，在网页中我们放的图片很多，那么在数据中我们要调取的东西不是很多，但是小程序恰恰相反，他的页整个小程序的大小是要控制在2MB以内，那么就要要求在整个页面中尽可能的在外部调取相应的数据，毕竟在不同的方面来看，我们都是非常好的，还有就是挨罚周期也是比网站时间还要长，因为这个是牵扯到备案着，那么周期是非常长的。一般也就是一个月多。西安腾诺信息技术有限公司在小程序制作方面有着丰富的经验，深受新老客户的肯定及信赖。</p>', 1541483599, 'admin', 0, '/Uploads/2018-11-06/5be12c4fbef10.jpg', 1, 20),
(198, 1, '西安微信公众号制作要注意什么？', '<p>西安微信公众号制作要注意什么呢，首先，你得有一个微信公众账号。登陆微信平台官网，登陆你的公众号，新注册审核一般需要2-5天。然后就是公众账号的对接。你需要一个第三方平台，登陆一个微信 第三方管理平台 注册账号并登陆。在第三方平台上面绑定自己的公众账号，绑定需要的资料可以在微信公众平台主页看到，那么下俩就是填写相对应的信息下来审核等待通知就好了，一般这样像是这样的公众号分为订阅号和服务号，那么这样的区别就是有的可以一天发一条，有的一天可以发多条，这个就是非常重要的。西安腾诺信息技术有限公司在微信公众号制作上面有着丰富的建造经验，深受新老客户的肯定及信赖。</p>', 1541483628, 'admin', 0, '/Uploads/2018-11-06/5be12c6c48af9.png', 1, 18),
(199, 1, '西安网页制作要求有哪些，', '<p>西安网页制作要求有哪些呢，在网页制作过程中我们素了解的就是在不同的方面来看，个悲剧不同的情况下，我们所要了解的思想就是在不同的方面来看，那么这样一来我们就要考虑在不同的方面来看的主要关键点，那么这样的关键点在平时我们都是有着了解的，但是至于了解多少，那么这个不是很多，因为在网页制作过程中很通常出现很多的问题点，那么这些问题点上，我们还要考虑在制作中的大体样式，如客户的喜好，喜欢的风格，他的要求都是要注意的呃，还有就是在不同的情况下，我们还要根据客户的想法来修改整个页面的布局等，这些都是非常费时间的。西安腾诺信息技术有限公司在网页制作方面有着多年的制作经验，深受新老客户的肯定及好评。</p>', 1541568950, 'admin', 0, '/Uploads/2018-11-07/5be279b6bef10.png', 1, 19),
(200, 1, '西安微信制作优势是什么呢?', '<p>西安微信制作优势是什么呢，在不同的方面来看我们所要了解的就是在不同的方面来看都是非常重要的，因为在微信制作方面我们要牵扯到很大的方面， 那么这样方面，我们可能在不同的要求下是非常好看的，那么这样的主要方向下，我们所要了解的在不同的用途上可能有着很大的差异性，那么这样的差异性表现在那些方面，还有就是在微信开发过程中，我们是基于微信来开发的的不是建造一个微信。这个是非常重要的，还有就是在不同的情况下，我们所考虑的就是在根据不同的方面老看我们都是非常重要的。西安腾诺信息技术有限公司在微信制作方面有着丰富的经验，深受新老客户的肯定及信赖。</p><p><br/></p>', 1541568974, 'admin', 0, '/Uploads/2018-11-07/5be279ce81e80.jpg', 1, 20),
(201, 1, '西安小程序制作他的优势是什么呢？', '<p>西安小程序制作他的优势是什么呢，在不同的方面来看，我们所要考虑的在就是整个微信小程序跟网页的去别，在不同的方面看，整小程序的开发是有着一定难度的，因为在考虑不同的方面上，我们所需要的就是在考虑不同的情况下是根据不同的发展方向来看的，因为在考虑整个小程序的打开速度那么就要处理在不同型号上的不同方式了，还有就是小程序的样式上面，因为小程序的制作方面他们的样式都是在各自的样式内的，一般都不会起冲突，因为在考虑不同的方面来看都是非常重要的。西安腾诺信息技术有限公司在小陈后续制作方面有着丰富的制作经验，深受新老客户的肯定及信赖。</p>', 1541658155, 'admin', 0, '/Uploads/2018-11-08/5be3d62b42b8a.png', 1, 19);
INSERT INTO `think_news` (`id`, `category`, `title`, `content`, `time`, `author`, `is_delete`, `imgPath`, `tuijian`, `liulan`) VALUES
(202, 1, '西安网页制作特点有什么呢？', '<p>西安网页制作方式有什么呢，在不同的网页制作过程中，我们素需要注意的就是在不同的方面来看都是非常看好的，那么这样一来我们都是在考虑不同的方面上是非常重要的，因为在不同的产品上，我们所要考虑的结果是一个因素吗，那么这样的因素可能在不同的方面上有着非常好看的主要思想方式，那么什么思想方式呢，在考虑不同的方式面前，我们所要注意的就是在不同的情况下所发生的主要观点，那么这样的观点在不同的形态上是有着很大的意义的，这也是网页制作的方面之一。西安腾诺信息技术有限公司在网页制作方面有着多年的制作经验，深受新老客户的肯定及信赖。</p>', 1541658174, 'admin', 0, '/Uploads/2018-11-08/5be3d63e2f9e4.jpg', 1, 21),
(203, 1, '网页制作是什么，为什么要网页制作呢？', '<p>那么我们就要先了解什么是网页制作，网页制作要能充分吸引访问者的注意力，让访问者产生视觉上的愉悦感。因此在网页创作的时候就必须将网站的整体设计与网页设计的相关原理紧密结合起来。网站设计是将策划案中的内容、网站的主题模式，以及结合自己的认识通过艺术的手法表现出来；网页制作通常就是将网页设计师所设计出来的设计稿，按照W3C规范用html语言将其制作成网页格式。这样一来就能有限的利用网络来传播整个网页内容的展现方式，那么什么是展现方式呢，这个是跟网站制作息息相关的。西安腾诺信息技术有限公司在网页制作方面有着多年的制作经验，深受新老客户的肯定及好评</p>', 1541747560, 'admin', 0, '/Uploads/2018-11-09/5be53368c5493.jpg', 1, 16),
(204, 1, '西安小程序制作方式是怎么一回事？', '<p>西安小程序制作方式是怎么一回事，在小程序制作方面，我们所要注意的就是在不同方面主要的体现方式，那么这样的体现方式在不同的情况系都是非常安全的，因为他不会考虑整个市场上面的现状，那么怎么来判定整个市场上的小程序方面呢，这些都是非常重要的因为在考虑不同方面上都是非常重要的，还有就是在建造小程序的方式上，我们所说的整个市场的其他方式上面还是非常看好的，因为在考虑整个市场上面的运营上面的同时，我们在考虑不同的方面是非常看好的，因为这是小程序制作的主要元吸引。西安腾诺信息技术有限公司在小程序制作方面有着丰富的经验，深受新老客户的肯定及好评。</p><p><br/></p>', 1541747599, 'admin', 0, '/Uploads/2018-11-09/5be5338f7cce8.jpg', 1, 16),
(205, 1, '西安微信小程序开发要注意什么呢？', '<p>西安微信小程序开发要注意什么呢，首先小程序的名称只支持中文、英文、数字和加号，长度为3-20个字符，加号只能放在小程序名称的末端，例如「小程序＋」；小程序名称一旦确定，目前是不能作出修改的；还有微信小程序的头像和介绍不得涉及任何政治敏感和色情的内容，头像和介绍每个月均可更改5次，服务范围每月只能修改1次；就目前来看，微信小程序仅支持企业、政府、媒体、其他组织申请，暂时不对个人开放，一个主体可以注册30个微信小程序，一个绑定身份的开发者只能创建5个微信小程序，在微信小程序开发过程中，我们要注意这几点就好了。西安腾诺信息技术有限公司在微信小程序制作方面有着丰富的建造经验，深受广大客户的肯定及信赖。</p>', 1541828295, 'admin', 0, '/Uploads/2018-11-10/5be66ec79d43e.jpg', 1, 11),
(206, 1, ' 西安小程序开发需要注意的方面有哪些？', '<p>西安小程序开发需要注意的方面有哪些，那么我们来看看小程序开发的注意事项，小程序所提供的服务目前暂时不能涉及游戏、直播等服务，内容也不能涉及测试类内容；比如：算命，抽签，星座运势等；微信小程序的服务配置每个月只有3次修改机会；微信小程序的页面设计无需设置一级菜单的导航，微信系统内的所有小程序都自带微信提供的导航栏。这是方便与微信开发的方便，也是为了尽可能的减少整个温馨开发内部的主要空间占据，安腾诺信息技术有限公司在微信小程序制作方面有着丰富的建造经验，深受广大客户的肯定及信赖。</p>', 1541828317, 'admin', 0, '/Uploads/2018-11-10/5be66edda10ba.jpg', 1, 11),
(207, 1, '网站开发应该注重用户的体验感受是怎么回事？', '<p>很多时候总听那么几个不懂行的客户说，网上几百元的网站很多，你们的怎么一两千两三千呢。我呵呵笑了，反问句那么您怎么不没有用几百元的网站而是给我打电话呢。客户也算实诚，这不是不放心吗？同一件东西价格低得离谱当然就让人怀疑真实度了。是的，真是这样，同样一件东西价格低得离谱就显得不正常了，我们建设网站是站在客户角度思考问题，根据客户需要量身定做，建设网站一律都是手工定制而非几百元的模板网站和建站软件所做的网站，我们建站的核心特别注重用户的体验，直至网站客户通过后才能上线运营。那么网络上几百元的网站第一是通过建站软件完成的，并没有设计制作，适不适合公司所用都是问题，最重要的是网站的维护都不能正常进行，一旦交易达成后期再改个电话，案例什么的都是问题，还有后期网站需要做优化推广也是影响很大的，一旦服务器打不开也是找不见人。所以说我们网站收费价格略高，是因为我们网站成本在这里，并且我们给客户的售后保障也在这里，这是我们的承诺。西安腾诺信息技术有限公司在网站开发中有着多年的经验，深受新老客户的肯定及好评。</p>', 1542001528, 'admin', 0, '/Uploads/2018-11-12/5be913790b935.jpg', 1, 15),
(208, 1, '网站开发中还要注意的就是手机网站？', '<p>手机网站比传统网站显示效果更加理想，因为传统的网站在手机上显示的话就需要分辨率和尺寸，必须要转换为手机的方式。所以传统网站显示到手机上的话就会达不到应该有的效果，特别是显示效果和陪伴不起错位等等，有时还会出现乱码的现象，在这种前提下也会影响企业的形象，同时一些合作伙伴也会失去。所以这样来说对于手机或者企业是致命的伤害。在之前如果能够自主设计手机网站，做的能够间接明了的显示网页，而且加载速度也比较快，页面整齐大方，每一个板块都能够清晰的显示在手机上，手机客户浏览起来特别方便简洁。这些手机网站的制作要比传统网站转换更容易让手机用户接受一些。西安腾诺信息技术有限公司在网站开发中有着多年的优势，深受新老客户的肯定及信赖。</p>', 1542001547, 'admin', 0, '/Uploads/2018-11-12/5be9138b50362.jpg', 1, 21),
(209, 1, '在西安小程序制作中的概念怎么来说呢？', '<p>在西安小程序制作中的概念中我们先来看看像是美容小程序概述，美容小程序通过移动客户端为客户提供美容资讯推送、服务预定等相关服务，同时对接线上服务平台与线下服务门店共同发展， 让美容行业经营模式转化成O2O商业模式。商家通过开发美容小程序，能给用户提供移动化便捷的个性服务，同时为行业商家带来新的管理模式、新的营销方式、新的发展空间。在美容类的小程序我们可以在根据根据不同的问题来划分不同的解决方案，还有就是可以在跟客户不见得情况下，通过再线留言的形式来获取客户的留言信息，根据留言信息来跟客户进行电话联系，给客户介绍相对应的产品及特性，满足客户的需求。西安腾诺信息技术有限公司在小程序制作中有着丰富的经验，深受新老客户的肯定及信赖。</p>', 1542093742, 'admin', 0, '/Uploads/2018-11-13/5bea7bae0cd56.jpg', 1, 15),
(210, 1, '在西安小程序开发好处在哪里相对于APP来说呢？', '<p>在西安小程序开发好处在哪里，首先小程序运行环境独立，基于 html+css+js去开发，这大大降低了其开发成本，几乎是开发 APP的三分之一。同时时间成本也相应降低，相比 APP 差不多可以缩减一半的开发时间。如果使用像是上线了这样的第三方开发平台来制作小程序，那么时间成本还能再降，能降到多少呢？比如你用上线了，十分钟就能一个小程序出来，而且还很漂亮。但是想一些官网性质的，也就是几天的时间主要就是认证的时间能比较长一点。西安腾诺信息技术有限公司在微信小程序开发上有着丰富的经验，受新老客户的肯定及支持。</p>', 1542093765, 'admin', 0, '/Uploads/2018-11-13/5bea7bc586f0d.jpg', 1, 19),
(211, 3, '在西安公众号制作上我们要注意的有什么呢，', '<p>在公众号制作上我们要注意什么呢，首先我们要明确主题，也就是整个公众号要表现的东西寄内容，这个是非常重要的，还有就是主题色，整个网站所用到的颜色一定不能抢眼，那么这样会给人一种疲劳感，还有要有一到两个提色的部位，这样是吸引客户的主要地方，因为在考虑不同的方面上，可能会用到一些像是控制大小的单位，但是有时像是一些单位都是不准确的，如像是rem这个单位，可能会或多或少的出现一些误差，这些都都是很正常的，因为在电脑上看跟在手机上看是两回事，那么像是子啊电脑上做好的后还是需要在手机上来检验，防止出现一些不确定因素的存在，这个是非常重要的。西安腾诺信息技术有限公司在公众号的制作上有着多年的建造经验，深受新老客户的肯定及信赖。</p>', 1542191505, 'admin', 0, '/Uploads/2018-11-14/5bebf991f0256.jpg', 1, 18),
(212, 2, '在西安小程序开发的主要方向是那些呢？', '<p>在西安小程序的开发主要方面在哪些方面呢。下来我来说说小程序的应用场景，一般像是小程序这个是软件来说，可能或多或少会有一些客观性在里面。基本上像是使用小程序建造一个公司的官网来看是很简单的，但是不是很常用，因为这个只是起到了宣传的作用，但是像是一些公司的产品较多的情况来看这个是非常使用的，还有就是像是一些小系统来说，如点餐、投票等这样的工具这个是非常方便的，毕竟这个能够减少整个程序方面的速度，这些事非常好的，还有就是像是一些小程序商城的建立都是非常看好的，因为这样一来就会方便很多。西安腾诺信息技术有限公司在小程序的开发上有着丰富的经验，深受新老客户的肯定及信赖。</p>', 1542191525, 'admin', 0, '/Uploads/2018-11-14/5bebf9a5d949f.jpg', 1, 15),
(213, 3, '在西安小程序开发中我们能做什么呢？', '<p>在西安小程序开发中我们能做什么呢，首先就是根据客户的要求来确定小程序的主要方向，还有根据产品的性质来确定小程序内部的颜色没因为不可能产品是冷色调，配上暖色调的背景吧，这是不现实的，因为在考虑不同的方面上，我么都是非常看好的，那么这样一来我们就会在考虑不同的方面上都是非常看好的，因为在考虑不同的情况下我们所要注意的就是在根据整个形态上的主要观点来处理这样的问题，这个是非常重要的，还有就是根据产品的性质来布局，因为自考虑产品的文化上的时候，我们也要考虑整个小程序的风格，因为不同的产品所需要的风格都是不一样的，那么这样一来我们就要考虑整个页面内的布局了。还有就是栏目的选择，都是非常重要的。西安腾诺信息技术有限公司在小程序的制作上面有着多年的制作经验，深受新老客户的肯定及信赖。</p>', 1542260918, 'admin', 0, '/Uploads/2018-11-15/5bed08b63db44.jpg', 1, 19),
(214, 1, '西安网页制作中页面的排版要注意什么？', '<p>西安网页制作中页面的排版要注意什么呢，首先在考虑不同的方面来看都是非常重要的，因为自页面排版中，我们所需要注意的就是整个页面的布局上，因为这个是关系着整个页面的美观程度的主要体现形式，还有就是在根据不同的方面来看，我们所要注意的还有就是再根据不同方面来看都是非常看好的，那么这样一来我们就要考虑不同的问题了，如格式的问题，优势页面打开会会出现乱码，这个是非常严重的，以内出现乱码可能会导致客户没办法看到内容，因为基本上打开都是不认识的字，就只能根据图片来猜测了，但是往往客户不会猜，会直接关掉网页，这是非常麻烦的，造成这样的原因可能就是在修改网页时打开的方式不正确导致的这样问题发生，所以需要注意。西安腾诺信息技术有限公司在网页制作方面有着多年的制作经验，深受新老客户的肯定及信赖。</p>', 1542260937, 'admin', 0, '/Uploads/2018-11-15/5bed08c93dacb.jpg', 1, 16),
(215, 1, '在冬季西安网页制作优势是什么？', '<p>在冬季网页制作的优势在哪里呢，首先在我们看来冬季应该是一个淡季，那么在想冬季可能没有人来安心工作了，但是也没有客户所以往往客户都不会想在冬季来建造网站，那么这样的情况发生的还是非常多的，但是真的是这样吗，可能不是，因为在冬季在网站基本上都是一些有着向前看的眼光的，因为在冬季网站制作完成后，可能需要一段时间的优化，那么往往一个冬季基本上都是会稳定的，这样的一来，整个冬季看起来没有活，但是基本上有了一些排名，这个是非常好的，因为在开春以后往往都是缺少优势的</p><p>，要么就是才开始做，那么往往客户都会流失很多，这个是非常严重的，所以说在冬季制作网站是非常好的。西安腾诺信息技术有限公司在网页制作方面有着多年的制作经验，深受新老客户的肯定及信赖。</p><p><br/></p>', 1542434002, 'admin', 0, '/Uploads/2018-11-17/5befacd2bdbb2.jpg', 1, 13),
(216, 1, '在西安做网站他的效果怎么样，', '<p>在西安做网站他的效果怎么样，这个问题可能有着很多的答案。首先是地方的不同，可能在当地人严重时非常好的，但是在外地来看就有点不切实际了，因为距离的问题可能会不放心，这个是必然存在的元素，还有就是网站的后期可能也是不放心的，那么会在当地来选择一家网络公司在进行制作，这个也是一种可能，但是还有的是网络公司找的客户，因为这个有着多方面的原因。还有就是像是一般做网站，基本上都是先考虑网页的效果，因为这个是网站的前提，那这样一来，我么就要考虑不同方面的主要方面了。西安腾诺信息技术有限公司在网站制作方面有着多年的建造经验，深受新老客户的肯定及信赖。</p>', 1542434022, 'admin', 0, '/Uploads/2018-11-17/5beface64771e.jpg', 1, 17),
(217, 1, '西安网站开发的前提要注意什么呢？', '<p>西安网站开发的前提要注意什么呢，首先在网站开发过程中，我们所要注意的就是在考虑不同程度的开发程度，那么什么开发流程呢，因为在考虑整个网站开发中我们所要注意的就是在根据不同的方面来考虑整个网站的布局，那么在布局的前面我们首先就是要沟通，沟通什么呢，首先是网站需要展示内容和整个网站的风格之类都是需要注意的，还有就是在考虑不同程度上的时候，我们还要在客户的观点中尽可能的在保证整个网站的效果，还有就是在网站开发中尽可能的考虑到后期的优化方面，因为有时客户在网站开发中刚开始不会考虑到后期的优化，但是到了后期可能就会考虑到，那么这样一来我们就要考虑到后期的方面了，这是非常重要的。西安腾诺信息技术有限公司在网站开发中有着多年的开发经验，深受新老客户的肯定及信赖。</p>', 1542692019, 'admin', 0, '/Uploads/2018-11-20/5bf39cb330276.jpg', 1, 16),
(218, 1, '西安网站制作方面可能出现的问题有哪些？', '<p>西安网站制作方面可能出现的问题有哪些，在考虑不同的方面来看，我们所要注意的就是在整个网站制作方面的主要问题点，那么这样的问题点上，我们可能会出现怎么在制作上问题呢，这个是首要考虑的东西，那么在网站制作上面，我们所要考虑的就是在整个布局上的一个合理性，那么什么合理性呢，首先在整个工程中，我们所要考虑的整个网页中内容的填充，看在填充中会出现什么问题呢，这个是关键点，因为自考虑不同的方面上，我们所要了解的就是在整个布局上的和合理性，那么这样一来基本上网站就不会出现一些大的问题，基本上都是一些小修小改了。西安腾诺信息技术有限公司在网站制作方面有着多年的制作经验，深受新老客户的肯定及信赖。</p><p><br/></p>', 1542692041, 'admin', 0, '/Uploads/2018-11-20/5bf39cc924b5b.jpg', 1, 12),
(219, 1, '在陕西西安小程序的制作方面有什么看好的呢、', '<p>在陕西西安小程序的制作方面都是非常看好的，那么这样一来我们所需要的就是在根据不同的方面来看，整个市场上面的小程序有着行业是非常多的，那么这样一来我们根据不同方面来看都是根据整个项目的开发方面来看都是非常看好的，还有就是在根据不同的方面来看都是非常来看，都是非常看好，还有就是在根据整个小程序的开发方面都是非常看好的，像是小程序方面。我们所需要的就是在根据不同的方面来看都是非常有益的，还有就是像是小程序的开发方面都是非常全面的，那么这样一来，我们所需要的就是非常看好的，还有就是在根据不同方面来看都是非常看好的。西安腾诺信息技术有限公司在小程序制作方面有着丰富的行业经验，深受新老客户的肯定及信赖。</p><p><br/></p>', 1542781645, 'admin', 0, '/Uploads/2018-11-21/5bf4facd61f6c.jpg', 1, 15),
(220, 1, '西安网站建设的主要原因是什么、', '<p>西安网站建设的主要原因是什么，首先在不同的方面来看，我们所需要的就是一个宣传，那么怎么来宣传呢，有的打广告，有的发传单，这些也是一方面，但是还有一方面是在网上宣传。那么怎么来宣传呢，那么网站就是要考虑的了，因为网站的建立是标志着整个公司已经标准化了，那么就有可能加深客户的相信度，那么这样一来客户就会有了保证，因为有的网站在宣传方面做的非常好，那么这样的结果在后期可能会出现，网站的交易量非常的大，那么盈利模式也就非常的强了，还有网站建筑的主要方面还是标志着这个企业已经成熟了，那么也就是说已经正规化了，这样可能增加客户的可信度，这个是非常好的。西安腾诺信息技术有限公司在网站建筑上有着多年的建造经验，深受新老客户的肯定及信赖。</p><p><br/></p>', 1542867060, 'admin', 0, '/Uploads/2018-11-22/5bf64874e27e8.jpg', 1, 11),
(221, 1, '西安网站开发所需要注意的地方在哪里、', '<p>西安网站开发所需要注意的地方在哪里，整个市场面上我们所看到的网站开发公司是非常多的，尤其是在网上搜索而来的，更是非常的多，那么怎么来判定那个公司制作的好呢，那么这个就需要观察了，因为有的客户可能会打来网页来观看这些网络公司的案例来判定是否符合自己的需求的，还有的是根据朋友介绍的，这些都是一些途径，在了解后网站效果后可能就要进行制作网站了，那么在网站开发过程中要注意什么呢，首先是页面的排版和美观程度，这些都是要注意的，还有就是整个页面的色彩搭配也是有着一定要求的，那么这样的好处都是非常肯定的，那么这样一老我们所要注意的就是在根据不同的方面来考虑了，还有就是在整个市场上面我们所要注意的就是在整个市场上面的各种不协调，那么这样的不协调都是非常重要的。西安腾诺信息技术有限公司在网站开发过程分中有着多年的开发经验，深受辛辣客户的肯定及信赖。</p>', 1542951672, 'admin', 0, '/Uploads/2018-11-23/5bf792f8d3bda.jpg', 1, 13),
(222, 3, '做网站的必然性和可行性在哪些地方、', '<p>做网站的必然性可可行性在哪些地方呢，就现在社会上的公司来看，网站已成为了必不可少的因素之一，那么怎么来建造一个可行的网站这个是尤为重要的，因为在考虑市场的现状上的时候，那么宣传已成为必不可少的因素之一了，那么怎么来建造一个符合产品可公司性质的网站，那么就是重中之重了，因为这样一来在考虑整个市场上的时候来看，我们所要注意的也就是大多情况的建设，如网站的基本栏目等，网站首页、公司简介。产品中心、案例展示、新闻资讯、在线反馈、联系我们这几个非常普遍的栏目，那么这样组成的网站是最基本的形态，这也是大多数企业网站必不可少的栏目了，那么建造一网站后，那么推广也是必不可少的了，但是有的公司在推广方面可能不会考虑，因为他们的企业性质可能不是宣传的，只是一个展示性质的，那么这样就简单了。西安腾诺信息技术有限公司在做网站上有着多年的网站经验，深受新老客户的肯定及信赖。</p>', 1543039452, 'admin', 0, '/Uploads/2018-11-24/5bf8e9dc7d7c9.jpg', 1, 6);

/*!40101 SET CHARACTER_SET_CLIENT=@OLD_CHARACTER_SET_CLIENT */;
/*!40101 SET CHARACTER_SET_RESULTS=@OLD_CHARACTER_SET_RESULTS */;
/*!40101 SET COLLATION_CONNECTION=@OLD_COLLATION_CONNECTION */;
